row,category,funnel,mkApproved,faezehApproved,mohammadApproved,managerApproved,hidden,ceoApproved,videoStatus,videoUrl,videoDesigner,videoCompletedAt,bannerSetStatus,steps,banners
16,New Farrier Acquisition — Cold Audience (Facebook TOF),TOF,FALSE,TRUE,TRUE,FALSE,FALSE,TRUE,Done,,ruslan,1788666666200,To Do,"[{""id"":""h"",""label"":""HOOK"",""time"":""0:00–0:03"",""cardStyle"":""photo"",""image_url"":""https://d2ol7oe51mr4n9.cloudfront.net/user_3HuteLW03emt9uCkHpZfhwZDVdU/9324ab20-e2dd-474a-afc4-622c819861a0.jpg"",""on_screen"":""Last horse done?"",""on_screen_editor"":""mohammad"",""vo"":""Last horse done. But is your workday?"",""vo_editor"":""mohammad"",""visual_desc"":""Farrier finishing up with a horse by the trailer, wrapping up the last job of the day."",""visual_desc_editor"":""""},{""id"":""p"",""label"":""PROBLEM"",""time"":""0:03–0:07"",""cardStyle"":""photo"",""image_url"":""https://d2ol7oe51mr4n9.cloudfront.net/user_3HuteLW03emt9uCkHpZfhwZDVdU/68c80215-d3a6-49fd-b92e-fabb4ccebf20.jpg"",""on_screen"":""Notes. Invoices. Appointments. Reminders."",""on_screen_editor"":""faezeh"",""vo"":""Still have notes, invoices and appointments to deal with?"",""vo_editor"":""faezeh"",""visual_desc"":""Kitchen table at night covered in notes, invoices, and appointment paperwork still to do."",""visual_desc_editor"":""""},{""id"":""s"",""label"":""SOLUTION"",""time"":""0:07–0:10"",""cardStyle"":""photo"",""image_url"":""https://d2ol7oe51mr4n9.cloudfront.net/user_3HuteLW03emt9uCkHpZfhwZDVdU/125c200c-6f9f-4fed-9eaa-4a5be99c1544.jpg"",""on_screen"":""Do it on the job."",""on_screen_editor"":""faezeh"",""vo"":""With EQUINET, manage your horses and your business while you're on the job."",""vo_editor"":""faezeh"",""visual_desc"":""Farrier using the phone on-site to manage the business while still on the job."",""visual_desc_editor"":""""},{""id"":""proof"",""label"":""PROOF/DEMO"",""time"":""0:10–0:15"",""cardStyle"":""photo"",""image_url"":""https://d2ol7oe51mr4n9.cloudfront.net/user_3HuteLW03emt9uCkHpZfhwZDVdU/e36c1a66-a675-40c3-9c2e-f61e02bc09bf.jpg"",""on_screen"":""Notes & photos.\nInvoicing.\nScheduling.\nReminders;\nAll done on-site."",""on_screen_editor"":""faezeh"",""vo"":""\""Notes, invoices, schedules and reminders; all done before you leave the barn.\"""",""vo_editor"":""faezeh"",""visual_desc"":""Four app screens side by side: Notes & Photos, Send Invoice, Schedule Next Visit, Auto Reminders."",""visual_desc_editor"":""""},{""id"":""b"",""label"":""BENEFIT/OUTCOME"",""time"":""0:15–0:18"",""cardStyle"":""photo"",""image_url"":""https://d2ol7oe51mr4n9.cloudfront.net/user_3HuteLW03emt9uCkHpZfhwZDVdU/8867445e-a1a8-4a6b-92cb-b8d45af06cbf.jpg"",""on_screen"":""Horse done. Paperwork done. Go home."",""on_screen_editor"":""faezeh"",""vo"":""So, when the last horse is done, you're done too."",""vo_editor"":""faezeh"",""visual_desc"":""Farrier walking to the Equinet-branded van, heading home with everything finished."",""visual_desc_editor"":""""},{""id"":""cta"",""label"":""CTA"",""time"":""0:18–0:20"",""cardStyle"":""brandcard"",""image_url"":""/uploads/img_1787291040489_uow2pz.png"",""on_screen"":""TRY PREMIUM FREE FOR 30 DAYS"",""on_screen_editor"":""mohammad"",""vo"":""Meet Equinet. Try Premium free for 30 days."",""vo_editor"":""mohammad"",""visual_desc"":""Equinet branded end card — logo, phone + laptop mockup, App Store / Google Play badges."",""visual_desc_editor"":""""}]",[]
17,New Farrier Acquisition — Cold Audience (Facebook TOF),TOF,FALSE,TRUE,TRUE,FALSE,FALSE,TRUE,Done,,mehri,1788669532255,To Do,"[{""id"":""h"",""label"":""HOOK"",""time"":""0:00–0:03"",""cardStyle"":""photo"",""image_url"":""https://d2ol7oe51mr4n9.cloudfront.net/user_3HuteLW03emt9uCkHpZfhwZDVdU/e8c7810b-8770-40be-b699-7e6bd4d356c3.jpg"",""on_screen"":""Are your clients still waiting for your callback?"",""on_screen_editor"":""faezeh"",""vo"":""Busy Farriers. You are busy at the barn, but your clients are still waiting for your callback?"",""vo_editor"":""faezeh"",""visual_desc"":""Farrier holding a phone to their ear, calling a client with no answer."",""visual_desc_editor"":""""},{""id"":""p"",""label"":""PROBLEM"",""time"":""0:03–0:06"",""cardStyle"":""photo"",""image_url"":""/uploads/img_1787232668608_t1a5n0.png"",""on_screen"":""How much time do you waste every week on follow-ups?"",""on_screen_editor"":""faezeh"",""vo"":""How much time do you waste every week on follow-ups?"",""vo_editor"":""faezeh"",""visual_desc"":""Farrier flipping a paper wall calendar trying to recall a reshoe date."",""visual_desc_editor"":""""},{""id"":""s"",""label"":""SOLUTION"",""time"":""0:06–0:13"",""cardStyle"":""photo"",""image_url"":""/uploads/img_1787286897034_l3mve9.jpeg"",""on_screen"":""You schedule. EQUINET reminds. Your clients confirm. \n -Automatic invitations  ✔\n-Automatic reminders (Email & SME)  ✔\n -Happier Clients ✔"",""on_screen_editor"":""faezeh"",""vo"":""Schedule the next visit in EQUINET. Invitations and reminders are automatically sent to your clients."",""vo_editor"":""faezeh"",""visual_desc"":""Phone screen showing an automatic client reminder being sent."",""visual_desc_editor"":""""},{""id"":""proof"",""label"":""BENEFIT"",""time"":""0:13–0:16"",""cardStyle"":""photo"",""image_url"":""/uploads/img_1787287040685_v4zsun.png"",""on_screen"":""No one's left waiting. More time for horses."",""on_screen_editor"":""faezeh"",""vo"":""No one's left waiting. More time for horses."",""vo_editor"":""faezeh"",""visual_desc"":""Phone screen showing the Notes & Photos feature in the Equinet app."",""visual_desc_editor"":""""},{""id"":""cta"",""label"":""CTA"",""time"":""0:16–0:20"",""cardStyle"":""brandcard"",""image_url"":""/uploads/img_1787287374365_s0xn47.png"",""on_screen"":""EQUINET \nThe business app, built for farriers.\n \nStart Free Today"",""on_screen_editor"":""mohammad"",""vo"":""EQUINET\nThe business app, built for farriers.\n\nStart Free Today"",""vo_editor"":""mohammad"",""visual_desc"":""Clean Equinet end card with app icon and offer text overlay."",""visual_desc_editor"":""""}]",[]
20,New Farrier Acquisition — Cold Audience (Facebook TOF),TOF,FALSE,FALSE,FALSE,FALSE,FALSE,TRUE,Done,,ruslan,1788666692886,To Do,"[{""id"":""h"",""label"":""HOOK"",""time"":""0:00–0:03"",""cardStyle"":""photo"",""image_url"":""https://d2ol7oe51mr4n9.cloudfront.net/user_3HuteLW03emt9uCkHpZfhwZDVdU/b859aafc-d3aa-4d17-b6f8-d36da8867d0a.jpg"",""on_screen"":""NO SIGNAL AT THE BARN?"",""on_screen_editor"":""ruslan"",""vo"":""No signal at the barn? No problem."",""vo_editor"":""ruslan"",""visual_desc"":""Farrier working at a remote farm with a visible no-signal icon on the phone."",""visual_desc_editor"":""""},{""id"":""p"",""label"":""PROBLEM"",""time"":""0:03–0:07"",""cardStyle"":""photo"",""image_url"":""https://d2ol7oe51mr4n9.cloudfront.net/user_3HuteLW03emt9uCkHpZfhwZDVdU/7c8f8b99-e9c6-495d-90d5-f798a963e74f.jpg"",""on_screen"":""TOOLS THAT NEED WIFI FAIL HERE."",""on_screen_editor"":"""",""vo"":""Apps that need constant internet fail exactly where the work happens."",""vo_editor"":"""",""visual_desc"":""Farrier looking at a phone stuck on a frustrated, spinning loading icon."",""visual_desc_editor"":""""},{""id"":""s"",""label"":""SOLUTION"",""time"":""0:07–0:10"",""cardStyle"":""photo"",""image_url"":""https://d2ol7oe51mr4n9.cloudfront.net/user_3HuteLW03emt9uCkHpZfhwZDVdU/18e4b854-95e8-4190-959f-29062e82e628.jpg"",""on_screen"":""WORKS OFFLINE. SYNCS LATER."",""on_screen_editor"":""ruslan"",""vo"":""Equinet works offline and syncs when you're back online."",""vo_editor"":"""",""visual_desc"":""Farrier confidently using the app on-site with no signal bars showing."",""visual_desc_editor"":""""},{""id"":""proof"",""label"":""PROOF/DEMO"",""time"":""0:10–0:15"",""cardStyle"":""photo"",""image_url"":""https://d2ol7oe51mr4n9.cloudfront.net/user_3HuteLW03emt9uCkHpZfhwZDVdU/e36c1a66-a675-40c3-9c2e-f61e02bc09bf.jpg"",""on_screen"":""Notes & photos. Invoicing. Scheduling. Reminders — all done on-site."",""on_screen_editor"":""ruslan"",""vo"":""Notes, invoices, schedules and reminders — all handled without leaving the barn."",""vo_editor"":"""",""visual_desc"":""Phone screen showing the Notes & Photos feature in the Equinet app."",""visual_desc_editor"":""""},{""id"":""b"",""label"":""BENEFIT/OUTCOME"",""time"":""0:15–0:18"",""cardStyle"":""photo"",""image_url"":""https://d2ol7oe51mr4n9.cloudfront.net/user_3HuteLW03emt9uCkHpZfhwZDVdU/cf8273c4-7691-42c7-a213-0ed56a4dc476.jpg"",""on_screen"":""FULL SCHEDULE. NO SIGNAL NEEDED."",""on_screen_editor"":""ruslan"",""vo"":""Full schedule, client notes, horse history — no signal needed."",""vo_editor"":"""",""visual_desc"":""Farrier in the truck, phone syncing data as they drive back into cell range."",""visual_desc_editor"":""""},{""id"":""cta"",""label"":""CTA"",""time"":""0:18–0:20"",""cardStyle"":""brandcard"",""image_url"":""/uploads/img_1787325680654_f2i2zc.png"",""on_screen"":""TRY PREMIUM FREE FOR 30 DAYS"",""on_screen_editor"":"""",""vo"":""Meet Equinet. Try Premium free for 30 days."",""vo_editor"":"""",""visual_desc"":""Clean Equinet end card with app icon and offer text overlay."",""visual_desc_editor"":""""}]",[]
23,Existing / Dormant Users Reactivation (Facebook MOF),MOF,FALSE,TRUE,TRUE,FALSE,FALSE,TRUE,Done,,mehri,1788666704535,To Do,"[{""id"":""h"",""label"":""HOOK"",""time"":""0:00–0:03"",""cardStyle"":""photo"",""image_url"":""https://d2ol7oe51mr4n9.cloudfront.net/user_3HuteLW03emt9uCkHpZfhwZDVdU/a828c8d6-9d53-4570-9c98-c8e80a688fb3.jpg"",""on_screen"":""Used EQUINET before? Take another look."",""on_screen_editor"":""mohammad"",""vo"":""Farriers. Used EEQUINET before? Take another look."",""vo_editor"":""faezeh"",""visual_desc"":""Close-up of a farrier bandaging a horse's leg, calm and focused."",""visual_desc_editor"":""""},{""id"":""p"",""label"":""PROBLEM"",""time"":""0:03–0:07"",""cardStyle"":""photo"",""image_url"":""/uploads/img_1787298075575_i68ga9.jpeg"",""on_screen"":""A lot has changed. Meet the new EQUINET."",""on_screen_editor"":""mohammad"",""vo"":""A lot has changed. Meet the new EQUINET."",""vo_editor"":""faezeh"",""visual_desc"":""Minimal graphic: a phone silhouette with old-style text bubbles piling up above it."",""visual_desc_editor"":""""},{""id"":""s"",""label"":""SOLUTION"",""time"":""0:07–0:10"",""cardStyle"":""photo"",""image_url"":""/uploads/img_1787298054913_7qlviz.png"",""on_screen"":""WHAT'S NEW in EQUINET."",""on_screen_editor"":""faezeh"",""vo"":""Smarter scheduling with auto reminders, and complete horse history on every visit."",""vo_editor"":""mohammad"",""visual_desc"":""Phone screen showing an automated reminder being sent (reused reminder asset)."",""visual_desc_editor"":""""},{""id"":""proof"",""label"":""PROOF/DEMO"",""time"":""0:10–0:15"",""cardStyle"":""photo"",""image_url"":""/uploads/img_1787297966996_ennkmr.jpeg"",""on_screen"":""Smarter scheduling,\n Complete horse history.\nEasy invoicing synced with Xero.\nOffline access anywhere.\n One shared calendar, whole team connected."",""on_screen_editor"":""faezeh"",""vo"":""Notes and photos stored, invoices sent, next visit scheduled, reminders handled!\nEQUINET even works when you dont have Internet!"",""vo_editor"":""faezeh"",""visual_desc"":""Calm, quiet barn interior — soft natural light, no people."",""visual_desc_editor"":""""},{""id"":""b"",""label"":""BENEFIT/OUTCOME"",""time"":""0:15–0:18"",""cardStyle"":""photo"",""image_url"":""https://d2ol7oe51mr4n9.cloudfront.net/user_3HuteLW03emt9uCkHpZfhwZDVdU/cefae60c-1d75-4c58-a11d-e2899ed0e8ff.jpg"",""on_screen"":""Less paperwork.\nMore time.\nBetter business."",""on_screen_editor"":""faezeh"",""vo"":""Less paperwork. More time. Better business."",""vo_editor"":""faezeh"",""visual_desc"":""Calm, quiet barn interior — soft natural light, no people."",""visual_desc_editor"":""""},{""id"":""cta"",""label"":""CTA"",""time"":""0:18–0:20"",""cardStyle"":""brandcard"",""image_url"":""/uploads/img_1787298098601_4xteif.png"",""on_screen"":""EQUINET\nThe business app, built for farriers.\nStart Free Today"",""on_screen_editor"":""faezeh"",""vo"":""EQUINET  \nThe business app, built for farriers.\nStart Free Today"",""vo_editor"":""faezeh"",""visual_desc"":""Clean Equinet end card with app icon and offer text overlay."",""visual_desc_editor"":""""}]",[]
26,Appointments — Shoeing Cycle Auto-Scheduling,TOF,FALSE,TRUE,FALSE,FALSE,FALSE,TRUE,Done,,mehri,1788666588367,To Do,"[{""id"":""h"",""label"":""HOOK"",""time"":""0:00–0:03"",""cardStyle"":""photo"",""image_url"":""https://d2ol7oe51mr4n9.cloudfront.net/user_3HuteLW03emt9uCkHpZfhwZDVdU/5e882277-4fd0-4e61-b206-3e81970e044f.jpg"",""on_screen"":""Farriers.\nWhat if your calendar remembered every horse?"",""on_screen_editor"":""faezeh"",""vo"":""Farriers.\nWhat if your calendar already knew when every horse was due?"",""vo_editor"":""faezeh"",""visual_desc"":""Farrier looking at a phone showing a calendar reminder notification, standing near a horse."",""visual_desc_editor"":""""},{""id"":""p"",""label"":""PROBLEM"",""time"":""0:03–0:07"",""cardStyle"":""photo"",""image_url"":""https://d2ol7oe51mr4n9.cloudfront.net/user_3HuteLW03emt9uCkHpZfhwZDVdU/d474ccfb-fc06-4ae6-a617-00cb1437f7c6.jpg"",""on_screen"":""Keeping every shoeing cycle in your head isn't easy."",""on_screen_editor"":""faezeh"",""vo"":""Keeping every shoeing cycle in your head isn't easy."",""vo_editor"":""faezeh"",""visual_desc"":""Farrier's hands flipping through scattered paper notes trying to recall a horse's shoeing schedule."",""visual_desc_editor"":""""},{""id"":""s"",""label"":""SOLUTION"",""time"":""0:07–0:10"",""cardStyle"":""photo"",""image_url"":""https://d2ol7oe51mr4n9.cloudfront.net/user_3HuteLW03emt9uCkHpZfhwZDVdU/79fffb0a-c742-4087-9429-254d0d8c100f.jpg"",""on_screen"":""Add it once. EQUINET takes it from there."",""on_screen_editor"":""faezeh"",""vo"":""Add a horse's cycle once. EQUINET reminds you when it's time to book again."",""vo_editor"":""faezeh"",""visual_desc"":""Farrier's hands entering a horse's shoeing cycle into the app, standing near a barn."",""visual_desc_editor"":""""},{""id"":""proof"",""label"":""PROOF/DEMO"",""time"":""0:10–0:15"",""cardStyle"":""photo"",""image_url"":""https://d2ol7oe51mr4n9.cloudfront.net/user_3HuteLW03emt9uCkHpZfhwZDVdU/e36c1a66-a675-40c3-9c2e-f61e02bc09bf.jpg"",""on_screen"":""Horse's cycle.\n\nNotes & photos.\n\nScheduling.\n\nReminders (Emails & SMS).\n\nAll tracked in EQUINET."",""on_screen_editor"":""faezeh"",""vo"":""With EQUINET, every horse's cycle, every note, and every reminder stay tracked automatically, so nothing gets lost!"",""vo_editor"":""faezeh"",""visual_desc"":""Phone screen showing the Notes & Photos feature in the Equinet app."",""visual_desc_editor"":""""},{""id"":""b"",""label"":""BENEFIT/OUTCOME"",""time"":""0:15–0:18"",""cardStyle"":""photo"",""image_url"":""https://d2ol7oe51mr4n9.cloudfront.net/user_3HuteLW03emt9uCkHpZfhwZDVdU/116c83c7-f3c6-4046-9590-971ac347d86d.jpg"",""on_screen"":""Every horse, right on schedule."",""on_screen_editor"":""faezeh"",""vo"":""Every horse, right on schedule."",""vo_editor"":""faezeh"",""visual_desc"":""Farrier calmly checking the phone, relaxed, walking toward the truck for the next job."",""visual_desc_editor"":""""},{""id"":""cta"",""label"":""CTA"",""time"":""0:18–0:20"",""cardStyle"":""brandcard"",""image_url"":""https://d2ol7oe51mr4n9.cloudfront.net/user_3HuteLW03emt9uCkHpZfhwZDVdU/97036065-1377-463a-a3c9-7fb22a8c4409.jpg"",""on_screen"":""EQUINET\nThe Business App, Built for Farriers.\nStart Free Today"",""on_screen_editor"":""faezeh"",""vo"":""EQUINET\nThe business App, Built for Farriers.\nStart Free Today"",""vo_editor"":""faezeh"",""visual_desc"":""Clean Equinet end card with app icon and offer text overlay."",""visual_desc_editor"":""""}]",[]
28,Appointments — Team Calendar,MOF,FALSE,FALSE,FALSE,FALSE,TRUE,TRUE,Not Started,,,,To Do,"[{""id"":""h"",""label"":""HOOK"",""time"":""0:00–0:03"",""cardStyle"":""photo"",""image_url"":""https://d2ol7oe51mr4n9.cloudfront.net/user_3HuteLW03emt9uCkHpZfhwZDVdU/538200b7-676e-42a8-a196-899d02f221c9.jpg"",""on_screen"":""WHO'S SHOEING WHAT HORSE TODAY?"",""on_screen_editor"":"""",""vo"":""Who's shoeing what horse today?"",""vo_editor"":"""",""visual_desc"":""Farrier looking at a phone showing a team calendar with multiple color-coded entries."",""visual_desc_editor"":""""},{""id"":""p"",""label"":""PROBLEM"",""time"":""0:03–0:07"",""cardStyle"":""photo"",""image_url"":""https://d2ol7oe51mr4n9.cloudfront.net/user_3HuteLW03emt9uCkHpZfhwZDVdU/bcdb4f21-52cb-46f8-9dbc-16d532c6a5a0.jpg"",""on_screen"":""NO SHARED VISIBILITY."",""on_screen_editor"":"""",""vo"":""Juggling multiple farriers or apprentices with no shared visibility."",""vo_editor"":"""",""visual_desc"":""Farrier's hands typing a text message, mildly frustrated trying to coordinate with a teammate."",""visual_desc_editor"":""""},{""id"":""s"",""label"":""SOLUTION"",""time"":""0:07–0:10"",""cardStyle"":""photo"",""image_url"":""https://d2ol7oe51mr4n9.cloudfront.net/user_3HuteLW03emt9uCkHpZfhwZDVdU/ec88f8f4-b343-43d9-a3b7-9773ac721b1c.jpg"",""on_screen"":""ONE TEAM CALENDAR."",""on_screen_editor"":"""",""vo"":""One team calendar shows who's assigned to which horse, when, and where."",""vo_editor"":"""",""visual_desc"":""Farrier's hands tapping the team calendar app, showing color-coded team assignments."",""visual_desc_editor"":""""},{""id"":""proof"",""label"":""PROOF/DEMO"",""time"":""0:10–0:15"",""cardStyle"":""photo"",""image_url"":""https://d2ol7oe51mr4n9.cloudfront.net/user_3HuteLW03emt9uCkHpZfhwZDVdU/e36c1a66-a675-40c3-9c2e-f61e02bc09bf.jpg"",""on_screen"":""Notes & photos. Invoicing. Scheduling. Reminders — all done on-site."",""on_screen_editor"":"""",""vo"":""Notes, invoices, schedules and reminders — all handled without leaving the barn."",""vo_editor"":"""",""visual_desc"":""Phone screen showing the Notes & Photos feature in the Equinet app."",""visual_desc_editor"":""""},{""id"":""b"",""label"":""BENEFIT/OUTCOME"",""time"":""0:15–0:18"",""cardStyle"":""photo"",""image_url"":""https://d2ol7oe51mr4n9.cloudfront.net/user_3HuteLW03emt9uCkHpZfhwZDVdU/6607a6c2-7b1a-4033-90a2-993688fca342.jpg"",""on_screen"":""LESS TEXTING. MORE HORSES COVERED."",""on_screen_editor"":"""",""vo"":""Less back-and-forth texting your team, more horses covered."",""vo_editor"":"""",""visual_desc"":""Two farrier work trucks parked calmly at different farms in the distance — organized team coverage."",""visual_desc_editor"":""""},{""id"":""cta"",""label"":""CTA"",""time"":""0:18–0:20"",""cardStyle"":""brandcard"",""image_url"":""/uploads/img_1787325595095_eqayv8.png"",""on_screen"":""TRY PREMIUM FREE FOR 30 DAYS"",""on_screen_editor"":"""",""vo"":""Meet Equinet. Try Premium free for 30 days."",""vo_editor"":"""",""visual_desc"":""Clean Equinet end card with app icon and offer text overlay."",""visual_desc_editor"":""""}]",[]
29,Inventory & Supply — Campaign #5 (Variant),TOF,FALSE,TRUE,FALSE,FALSE,FALSE,FALSE,Done,,ruslan,1788669584990,To Do,"[{""id"":""h_v2"",""label"":""HOOK"",""time"":""0:00–0:03"",""cardStyle"":""photo"",""image_url"":""/uploads/img_1787234083570_2tscxs.png"",""on_screen"":""Running low again?"",""on_screen_editor"":""mohammad"",""vo"":""Busy farriers! Ever run out of something right when you need it?"",""vo_editor"":""faezeh"",""visual_desc"":""Farrier in branded polo checking phone and clipboard near organized supply shelves in the van."",""visual_desc_editor"":""""},{""id"":""p_v2"",""label"":""PROBLEM"",""time"":""0:03–0:06"",""cardStyle"":""photo"",""image_url"":""/uploads/img_1787234089852_h7vrf3.png"",""on_screen"":""Stop guessing your stock."",""on_screen_editor"":""faezeh"",""vo"":""You don't find out until it's too late."",""vo_editor"":""faezeh"",""visual_desc"":""Farrier searching through disorganized supply shelves in the van, mild frustration."",""visual_desc_editor"":""""},{""id"":""s_v2"",""label"":""SOLUTION"",""time"":""0:06–0:13"",""cardStyle"":""photo"",""image_url"":""/uploads/img_1787234277464_izs9a8.jpg"",""on_screen"":""EQUINET shows you what's in stock and builds your shopping list as you work."",""on_screen_editor"":""faezeh"",""vo"":""EQUINET shows what's in your stock and builds your shopping list as you work."",""vo_editor"":""faezeh"",""visual_desc"":""Farrier holding a phone showing the inventory list screen, standing by the van."",""visual_desc_editor"":""""},{""id"":""proof_v2"",""label"":""PROOF/DEMO"",""time"":""0:13–0:15"",""cardStyle"":""photo"",""image_url"":""/uploads/img_1787298155801_e3drhc.jpeg"",""on_screen"":""Notes & photos.\nInvoicing.\nScheduling.\nReminders.\nHandle all in EQUINET."",""on_screen_editor"":""faezeh"",""vo"":""Notes, invoices, schedules and reminders — all handled before leaving the barn."",""vo_editor"":""faezeh"",""visual_desc"":""Phone screen showing the Notes & Photos feature in the Equinet app."",""visual_desc_editor"":""""},{""id"":""b_v2"",""label"":""BENEFIT/OUTCOME"",""time"":""0:15–0:18"",""cardStyle"":""photo"",""image_url"":""/uploads/img_1787298264028_3rsuuc.jpeg"",""on_screen"":""You're always ready for the next job."",""on_screen_editor"":""faezeh"",""vo"":""So you're always ready for the next job."",""vo_editor"":""faezeh"",""visual_desc"":""Farrier loading a fully packed supply box into the van, ready for the next job."",""visual_desc_editor"":""""},{""id"":""cta_v2"",""label"":""CTA"",""time"":""0:18–0:20"",""cardStyle"":""brandcard"",""image_url"":""/uploads/img_1787290492934_zqp881.png"",""on_screen"":""CTA: Try Premium free for 30 days"",""on_screen_editor"":""faezeh"",""vo"":""Meet Equinet. Try Premium free for 30 days."",""vo_editor"":""mohammad"",""visual_desc"":""Clean Equinet end card with app icon and offer text overlay."",""visual_desc_editor"":""""}]",[]
30,Appointments & Automatic Reminders — Campaign #1,TOF,FALSE,TRUE,TRUE,FALSE,FALSE,TRUE,Done,,ruslan,1788669570965,To Do,"[{""id"":""h"",""label"":""HOOK"",""time"":""0:00–0:03"",""cardStyle"":""photo"",""image_url"":""/uploads/img_1787324398058_u6ubhe.jpeg"",""on_screen"":""Too many appointments to remember?"",""on_screen_editor"":""mohammad"",""vo"":""Too many appointments to remember?"",""vo_editor"":""ruslan"",""visual_desc"":""Farrier working on a horse's hoof in a paddock, tool belt visible, calm daylight setting."",""visual_desc_editor"":""""},{""id"":""p"",""label"":""PROBLEM"",""time"":""0:03–0:06"",""cardStyle"":""photo"",""image_url"":""/uploads/img_1787324424549_xa9str.jpeg"",""on_screen"":""Missed appointments. Unhappy clients."",""on_screen_editor"":""mohammad"",""vo"":""Missed appointments. Unhappy clients."",""vo_editor"":"""",""visual_desc"":""PENDING — photo not yet generated (image credits needed). Reference: farrier stressed at phone, messy schedule whiteboard behind."",""visual_desc_editor"":""""},{""id"":""s"",""label"":""SOLUTION"",""time"":""0:06–0:13"",""cardStyle"":""photo"",""image_url"":""/uploads/img_1787324454913_mo8h2g.jpg"",""on_screen"":""Equinet makes it easy.\nSchedule in seconds\nAutomatic reminders by email and SMS keep your clients informed. Nobody misses an appointment."",""on_screen_editor"":""faezeh"",""vo"":""Equinet makes it easy. Schedule in seconds, automatic reminders by email and SMS keep your clients informed. Nobody misses an appointment."",""vo_editor"":""faezeh"",""visual_desc"":""PENDING — photo not yet generated (image credits needed). Reference: farrier holding phone showing calendar/appointment screen."",""visual_desc_editor"":""""},{""id"":""proof"",""label"":""PROOF/DEMO"",""time"":""0:13–0:16"",""cardStyle"":""photo"",""image_url"":""/uploads/img_1787324471774_ax8riy.jpg"",""on_screen"":""Less stress. More time for horses. Better business. Happier clients."",""on_screen_editor"":""faezeh"",""vo"":""Less stress. More time for horses. Better business. Happier clients."",""vo_editor"":""faezeh"",""visual_desc"":""Phone screen showing the Notes & Photos feature in the Equinet app."",""visual_desc_editor"":""""},{""id"":""b"",""label"":""CTA"",""time"":""0:16–0:20"",""cardStyle"":""photo"",""image_url"":""/uploads/img_1787324487730_nxw8y1.png"",""on_screen"":""Try EQUINET premium free for 30 days"",""on_screen_editor"":""faezeh"",""vo"":""Meet Equinet, try premium free for 30 days"",""vo_editor"":""mohammad"",""visual_desc"":""Farrier relaxed, checking phone with a confirmed appointment notification, golden hour, near horse and trailer."",""visual_desc_editor"":""""}]",[]
31,New Ad Scenario,TOF,FALSE,TRUE,FALSE,FALSE,FALSE,FALSE,Done,,ruslan,1788669464133,To Do,"[{""id"":""h"",""label"":""HOOK"",""time"":""0:00–0:03"",""cardStyle"":""photo"",""image_url"":""/uploads/img_1787400774433_ub4han.jpeg"",""on_screen"":""Busy day. Clients still need answers."",""on_screen_editor"":""faezeh"",""vo"":""Busy farriers. Don't always have time to answer every message?"",""vo_editor"":""ruslan"",""visual_desc"":""Farrier working on horse hoof with phone showing client messages asking when he can come next are we still on for Tuesday what time works for you"",""visual_desc_editor"":""mohammad""},{""id"":""p"",""label"":""PROBLEM"",""time"":""0:03–0:06"",""cardStyle"":""photo"",""image_url"":""/uploads/img_1787400790906_tzuk5v.jpeg"",""on_screen"":""\""When are you coming?\"" \""Are we still on?\"""",""on_screen_editor"":""faezeh"",""vo"":""Your clients just want to know when you're coming! Without having to ask twice."",""vo_editor"":""ruslan"",""visual_desc"":""Farrier looking at phone with client messages when are you coming are we still on for Tuesday please let me know the time"",""visual_desc_editor"":""mohammad""},{""id"":""cta"",""label"":""Solution"",""time"":""0:06–0:13"",""cardStyle"":""brandcard"",""image_url"":""/uploads/img_1787400808488_mhwi2m.jpeg"",""on_screen"":""You schedule. EQUINET tells them. Invitations sent. Reminders sent. Clients confirm. Calendar updates automatically."",""on_screen_editor"":""ruslan"",""vo"":""You schedule. EQUINET tells them.\nInvitations sent. Reminders sent. Clients confirm. Calendar updates automatically."",""vo_editor"":""faezeh"",""visual_desc"":""Five phone screens showing schedule next visit equinet sends invite automatic reminder client confirms calendar updated for Belle shoeing appointment May 24 2024 10 AM"",""visual_desc_editor"":""mohammad""},{""id"":""step_1787400816151"",""label"":""Benefit"",""time"":""0:13–0:16"",""cardStyle"":""photo"",""image_url"":""/uploads/img_1787400831475_wlcdr1.jpeg"",""on_screen"":""Fewer messages. Better communication with clients. More time shoeing."",""on_screen_editor"":""faezeh"",""vo"":""Fewer messages.\nBetter communication with clients.\nMore time shoeing."",""vo_editor"":""faezeh"",""visual_desc"":""Farrier working on horse with phone notification visit confirmed for Belle shoeing woman smiling at phone with appointment confirmed message"",""visual_desc_editor"":""mohammad""},{""id"":""step_1787400840241"",""label"":""CTA"",""time"":""0:16–0:20"",""cardStyle"":""photo"",""image_url"":""/uploads/img_1787400871890_wngr1a.jpeg"",""on_screen"":""EQUINET\nThe business app, built for farriers.\nStart Free Today"",""on_screen_editor"":""faezeh"",""vo"":""EQUINET\nThe business app, built for farriers.\nStart Free Today"",""vo_editor"":""faezeh"",""visual_desc"":""Equinet by Mustad Hoofcare logo with phone and laptop showing app screens calendar clients appointments horses invoices inventory reports more app store and google play buttons"",""visual_desc_editor"":""mohammad""}]",[]
32,New Ad Scenario,TOF,FALSE,TRUE,FALSE,FALSE,FALSE,FALSE,Done,,ruslan,1789543750830,To Do,"[{""id"":""h"",""label"":""HOOK"",""time"":""0:00–0:03"",""cardStyle"":""photo"",""image_url"":""/uploads/img_1787401720497_wxg3vq.jpeg"",""on_screen"":""Farriers. Hands dirty? Just talk."",""on_screen_editor"":""faezeh"",""vo"":""Farriers. Hands dirty? Just talk."",""vo_editor"":""faezeh"",""visual_desc"":""Farrier working on horse hoof with speech bubble showing voice waveform and text talk to save note voice to note icon"",""visual_desc_editor"":""faezeh""},{""id"":""p"",""label"":""PROBLEM"",""time"":""0:03–0:06"",""cardStyle"":""photo"",""image_url"":""/uploads/img_1787401736032_b0hxuj.jpeg"",""on_screen"":""Can't type mid-job?"",""on_screen_editor"":""faezeh"",""vo"":""Can't type mid-job?"",""vo_editor"":""faezeh"",""visual_desc"":""Farrier looking at phone with three labeled icons hard to type takes time things get forgotten"",""visual_desc_editor"":""faezeh""},{""id"":""cta"",""label"":""Solution"",""time"":""0:06–0:13"",""cardStyle"":""brandcard"",""image_url"":""/uploads/img_1787401753616_5pitwm.jpeg"",""on_screen"":""Speak naturally.\n_Auto-Fill writes it down\n-Tap save\n-Done"",""on_screen_editor"":""faezeh"",""vo"":""Speak naturally. \nAuto-Fill Writes it down.\nTap save, Move to the next Job."",""vo_editor"":""faezeh"",""visual_desc"":""Five phone screens showing step 1 talk hands free listening screen with voice waveform step 2 equinet transcribes showing transcribing text front left good balance slight flare trimmed toe set new shoe RP nails next visit in 6 weeks step 3 structures the note new hoof note screen showing horse Belle foot front left balance good condition slight flare trimming trimmed toe set new shoe RP nails next visit 6 weeks step 4 save and link to horse save note screen showing Belle front left May 24 2024 10 15 AM note saved step 5 done move to next ready for next foot screen with new note button"",""visual_desc_editor"":""faezeh""},{""id"":""step_1787401759184"",""label"":""Benefit"",""time"":""0:13–0:16"",""cardStyle"":""photo"",""image_url"":""/uploads/img_1787401775516_21ust2.jpeg"",""on_screen"":""Less writing, better records, more shoeing."",""on_screen_editor"":""faezeh"",""vo"":""Less writing, better records, more shoeing."",""vo_editor"":""faezeh"",""visual_desc"":""Farrier smiling working on horse with phone notification showing Equinet note saved for Belle front left May 24 10 15 AM with checkmark"",""visual_desc_editor"":""faezeh""},{""id"":""step_1787401759930"",""label"":""CTA"",""time"":""0:16–0:20"",""cardStyle"":""photo"",""image_url"":""/uploads/img_1787401794756_aitk8q.png"",""on_screen"":""EQUINET\nThe business app, built for farriers.\nUpgrade to Premium Today."",""on_screen_editor"":""faezeh"",""vo"":""EQUINET\nThe business app, built for farriers.\nUpgrade to Premium Today."",""vo_editor"":""faezeh"",""visual_desc"":""Equinet by Mustad Hoofcare logo with phone and tablet showing app screens app store and google play download buttons"",""visual_desc_editor"":""faezeh""}]",[]
33,New Ad Scenario,TOF,FALSE,TRUE,FALSE,FALSE,FALSE,FALSE,Done,,ruslan,1788669430063,To Do,"[{""id"":""h"",""label"":""HOOK"",""time"":""0:00–0:04"",""cardStyle"":""photo"",""image_url"":""/uploads/img_1787814962382_7fc3wc.png"",""on_screen"":""Farriers: last horse done? Invoice's next."",""on_screen_editor"":""ruslan"",""vo"":""Farriers. Finish the horse? Issue the invoice immediately."",""vo_editor"":""faezeh"",""visual_desc"":""Farrier kneeling beside a horse, finishing hoof work outdoors; green checkmark icon overlay confirming the job is complete."",""visual_desc_editor"":""mohammad""},{""id"":""p"",""label"":""PROBLEM"",""time"":""0:04–0:08"",""cardStyle"":""photo"",""image_url"":""/uploads/img_1787814976939_aju0jr.png"",""on_screen"":""Stop the paperwork. Stop worrying about losing the invoices."",""on_screen_editor"":""faezeh"",""vo"":""Stop the paperwork. Stop worrying about losing the invoices."",""vo_editor"":""faezeh"",""visual_desc"":""Farrier sitting at a laptop at home looking stressed, hand on forehead, coffee cup beside him. Icons list pain points: Takes too much time (clock), Easy to make mistakes (document), Paperwork at home (dollar sign)."",""visual_desc_editor"":""mohammad""},{""id"":""cta"",""label"":""SOLUTION"",""time"":""0:08–0:18"",""cardStyle"":""brandcard"",""image_url"":""/uploads/img_1787815016438_4ou1eo.png"",""on_screen"":""CREATE.\n SEND.\nSYNC.\n(Xero + QuickBooks logos with checkmarks)"",""on_screen_editor"":""mohammad"",""vo"":""Use EQUINET: create the invoice, send it, and sync it to Xero or QuickBooks.\"""",""vo_editor"":""mohammad"",""visual_desc"":""Four-step phone screen sequence: 1) JOB – job checklist for horse \""Belle\"" (Front Left, Trim, Shoe, Balance) with \""Job Complete\"" button; 2) CREATE – Invoice screen for Belle Smith ($180.00: Shoeing $150, Travel $20, Tax $10) with \""Create Invoice\"" button; 3) SEND – confirmation \""Invoice sent! To Belle Smith\"" with \""Send\"" button; 4) SYNC – \""Syncing...\"" screen with Xero and QuickBooks logos, \""Synced\"" button."",""visual_desc_editor"":""mohammad""},{""id"":""step_1787814642070"",""label"":""BENEFIT"",""time"":""0:18–0:22"",""cardStyle"":""photo"",""image_url"":""/uploads/img_1787815023085_az7cjx.png"",""on_screen"":""Less time on paperwork. More time on the job."",""on_screen_editor"":""faezeh"",""vo"":""Less time on paperwork. More time on the job."",""vo_editor"":""faezeh"",""visual_desc"":""Farrier standing by his van at golden hour, smiling while looking at his phone; notification banner shows \""Payment received now – $180.00 from Belle Smith via Xero.\"""",""visual_desc_editor"":""mohammad""},{""id"":""step_1787814643889"",""label"":""CTA"",""time"":""0:22–0:25"",""cardStyle"":""photo"",""image_url"":""/uploads/img_1787815035015_2h3fyf.png"",""on_screen"":""EQUINET\nThe business app, built for farriers.\nStart Free Today"",""on_screen_editor"":""mohammad"",""vo"":""EQUINET\nThe business app, built for farriers.\nStart Free Today"",""vo_editor"":""mohammad"",""visual_desc"":""EQUINET logo on dark background beside phone and tablet mockups showing the invoice list and revenue chart dashboard; App Store and Google Play download badges."",""visual_desc_editor"":""mohammad""}]",[]
34,New Ad Scenario,TOF,FALSE,TRUE,FALSE,FALSE,FALSE,FALSE,Done,,ruslan,1788666644837,To Do,"[{""id"":""h"",""label"":""HOOK"",""time"":""0:00–0:03"",""cardStyle"":""photo"",""image_url"":""/uploads/img_1787816049452_o7o275.png"",""on_screen"":""NO SIGNAL? NO PROBLEM. \nEQUINET works without internet!"",""on_screen_editor"":""faezeh"",""vo"":""Farriers. \nDont have internet at the barn?"",""vo_editor"":""faezeh"",""visual_desc"":""Farrier standing near a barn holding up his phone, looking at the screen with concern; phone displays a \""No Service / Searching..\"" screen. A horse is visible in the barn doorway behind him."",""visual_desc_editor"":""ruslan""},{""id"":""p"",""label"":""SITUATION"",""time"":""0:03–0:08"",""cardStyle"":""photo"",""image_url"":""/uploads/img_1787816063171_5krgle.png"",""on_screen"":""✓ Add notes 📷 Take photos 📄 Create invoices\n\nEverything saves right in EQUINET."",""on_screen_editor"":""faezeh"",""vo"":""Work as usual. Add notes, photos, and invoices. Everything saves right in EQUINET."",""vo_editor"":""faezeh"",""visual_desc"":""Farrier kneeling and working on a horse's hoof outdoors. Phone screen beside him shows a \""New Visit\"" note for \""Belle\"": Front Left ✓, Trimmed toe ✓, Slight flare ✓, Set new shoe ✓, Next visit in 6 weeks, with a \""Save Note\"" button."",""visual_desc_editor"":""mohammad""},{""id"":""cta"",""label"":""SOLUTION"",""time"":""0:08–0:13"",""cardStyle"":""brandcard"",""image_url"":""/uploads/img_1787816072516_fkasc2.png"",""on_screen"":""Back online? EQUINET syncs automatically."",""on_screen_editor"":""faezeh"",""vo"":""When you're back online, EQUINET syncs automatically."",""vo_editor"":""faezeh"",""visual_desc"":""Farrier walking away down a rural path carrying his tool bag, van parked in the background. Phone screen shows a cloud upload icon with \""Syncing... 3 of 3\"" and a progress bar, with Notes ✓, Photos ✓, Invoice ✓ listed below."",""visual_desc_editor"":""mohammad""},{""id"":""step_1787816035592"",""label"":""NEW STEP"",""time"":""0:13–0:18"",""cardStyle"":""photo"",""image_url"":""/uploads/img_1787816083565_grgn2p.png"",""on_screen"":""(shield checkmark icon)Your business doesn't stop when the internet does."",""on_screen_editor"":""faezeh"",""vo"":""Your business doesn't stop when the internet does."",""vo_editor"":""faezeh"",""visual_desc"":""Farrier smiling while looking at his phone outdoors near a barn at golden hour. Notification banner shows the EQUINET logo: \""Visit synced ✓ / Belle – Front Left / All good!\"""",""visual_desc_editor"":""mohammad""},{""id"":""step_1787816036065"",""label"":""CTA"",""time"":""0:18–0:22"",""cardStyle"":""photo"",""image_url"":""/uploads/img_1787816094774_nmgzlv.png"",""on_screen"":""EQUINET \nThe Business App, Built for Farriers.\n\n\n Start Free Today"",""on_screen_editor"":""mohammad"",""vo"":""EQUINET  \nThe Business App, Built for Farriers. \n     \nStart Free Today"",""vo_editor"":""mohammad"",""visual_desc"":""EQUINET logo on dark background beside phone and tablet mockups showing the client list and revenue dashboard ($4,250 / $2,180 / $1,960 with bar chart)."",""visual_desc_editor"":""faezeh""}]",[]
36,New Ad Scenario,TOF,FALSE,TRUE,FALSE,FALSE,FALSE,FALSE,Done,,,1788842971625,Done,"[{""id"":""h"",""label"":""HOOK"",""time"":""0:00–0:03"",""cardStyle"":""photo"",""image_url"":"""",""on_screen"":""Click to edit hook text"",""on_screen_editor"":"""",""vo"":""Click to edit voice over"",""vo_editor"":"""",""visual_desc"":"""",""visual_desc_editor"":""""},{""id"":""p"",""label"":""PROBLEM"",""time"":""0:03–0:07"",""cardStyle"":""photo"",""image_url"":"""",""on_screen"":""Click to edit problem text"",""on_screen_editor"":"""",""vo"":""Click to edit voice over"",""vo_editor"":"""",""visual_desc"":"""",""visual_desc_editor"":""""},{""id"":""cta"",""label"":""CTA"",""time"":""0:07–0:10"",""cardStyle"":""brandcard"",""image_url"":"""",""on_screen"":""TRY PREMIUM FREE FOR 30 DAYS"",""on_screen_editor"":"""",""vo"":""Meet Equinet. Try Premium free for 30 days."",""vo_editor"":"""",""visual_desc"":"""",""visual_desc_editor"":""""}]","[{""id"":""banner_1788666308253_v2on"",""concept"":""No Signal? No Problem."",""sizes"":[""1x1""],""images"":{""1x1"":""/uploads/img_1788666309405_troi2w.jpeg""},""headline"":""No Signal? No Problem."",""headline_editor"":""ruslan"",""supporting"":""EQUINET works without internet"",""supporting_editor"":""mohammad"",""cta"":""Start Free Today"",""cta_editor"":""ruslan"",""visual_desc"":""EQUINET works without inteFarrier standing near a barn, holding up phone showing \""No Service / Searching...\"" screen. Horse visible in barn doorway behind him.rnet"",""visual_desc_editor"":""mohammad"",""designer"":""ruslan"",""status"":""To Do"",""supportingLines"":[{""id"":""line_1788681518091"",""text"":""EQUINET works without internet"",""editor"":""ruslan""}]},{""id"":""banner_1788681496372_t3yn"",""concept"":""New Banner Concept"",""sizes"":[""1x1""],""images"":{},""headline"":""Click to edit headline"",""headline_editor"":"""",""supportingLines"":[],""cta"":""Start Free Today"",""cta_editor"":"""",""visual_desc"":"""",""visual_desc_editor"":"""",""designer"":"""",""status"":""To Do""}]"
37,New Ad Scenario (Copy),TOF,FALSE,TRUE,FALSE,FALSE,FALSE,FALSE,Done,,mehri,1788669980158,To Do,"[{""id"":""h_copy_1788669968551_wknn"",""label"":""HOOK"",""time"":""0:00–0:03"",""cardStyle"":""photo"",""image_url"":""/uploads/img_1787400774433_ub4han.jpeg"",""on_screen"":""Busy day. Clients still need answers."",""on_screen_editor"":""faezeh"",""vo"":""Busy farriers. \nDon't always have time to answer every message?"",""vo_editor"":""faezeh"",""visual_desc"":""Farrier working on horse hoof with phone showing client messages asking when he can come next are we still on for Tuesday what time works for you"",""visual_desc_editor"":""mohammad""},{""id"":""p_copy_1788669968551_me3s"",""label"":""PROBLEM"",""time"":""0:03–0:06"",""cardStyle"":""photo"",""image_url"":""/uploads/img_1787400790906_tzuk5v.jpeg"",""on_screen"":""\""When are you coming?\"" \""Are we still on?\"""",""on_screen_editor"":""faezeh"",""vo"":""Your clients just want to know when you're coming! Without having to ask twice."",""vo_editor"":""faezeh"",""visual_desc"":""Farrier looking at phone with client messages when are you coming are we still on for Tuesday please let me know the time"",""visual_desc_editor"":""mohammad""},{""id"":""cta_copy_1788669968551_9v2l"",""label"":""Solution"",""time"":""0:06–0:13"",""cardStyle"":""brandcard"",""image_url"":""/uploads/img_1787400808488_mhwi2m.jpeg"",""on_screen"":""You schedule. EQUINET tells them. Invitations sent. Reminders sent. Clients confirm. Calendar updates automatically."",""on_screen_editor"":""faezeh"",""vo"":""You schedule. EQUINET tells them.\nInvitations sent. Reminders sent. Clients confirm. Calendar updates automatically."",""vo_editor"":""faezeh"",""visual_desc"":""Five phone screens showing schedule next visit equinet sends invite automatic reminder client confirms calendar updated for Belle shoeing appointment May 24 2024 10 AM"",""visual_desc_editor"":""mohammad""},{""id"":""step_1787400816151_copy_1788669968551_0xqk"",""label"":""Benefit"",""time"":""0:13–0:16"",""cardStyle"":""photo"",""image_url"":""/uploads/img_1787400831475_wlcdr1.jpeg"",""on_screen"":""Fewer messages. Better communication with clients. More time shoeing."",""on_screen_editor"":""faezeh"",""vo"":""Fewer messages.\nBetter communication with clients.\nMore time shoeing."",""vo_editor"":""faezeh"",""visual_desc"":""Farrier working on horse with phone notification visit confirmed for Belle shoeing woman smiling at phone with appointment confirmed message"",""visual_desc_editor"":""mohammad""},{""id"":""step_1787400840241_copy_1788669968551_3679"",""label"":""CTA"",""time"":""0:16–0:20"",""cardStyle"":""photo"",""image_url"":""/uploads/img_1787400871890_wngr1a.jpeg"",""on_screen"":""The business app built for farriers.\n Try EQUINET Premium free for 30 days"",""on_screen_editor"":""faezeh"",""vo"":""Real farrier, real work, real results.\n Try EQUINET Premium free for 30 days"",""vo_editor"":""faezeh"",""visual_desc"":""Equinet by Mustad Hoofcare logo with phone and laptop showing app screens calendar clients appointments horses invoices inventory reports more app store and google play buttons"",""visual_desc_editor"":""mohammad""}]",[]
38,New Ad Scenario,TOF,FALSE,TRUE,FALSE,FALSE,FALSE,FALSE,Not Started,,,,Done,"[{""id"":""h"",""label"":""HOOK"",""time"":""0:00–0:03"",""cardStyle"":""photo"",""image_url"":"""",""on_screen"":""Click to edit hook text"",""on_screen_editor"":"""",""vo"":""Click to edit voice over"",""vo_editor"":"""",""visual_desc"":"""",""visual_desc_editor"":""""},{""id"":""p"",""label"":""PROBLEM"",""time"":""0:03–0:07"",""cardStyle"":""photo"",""image_url"":"""",""on_screen"":""Click to edit problem text"",""on_screen_editor"":"""",""vo"":""Click to edit voice over"",""vo_editor"":"""",""visual_desc"":"""",""visual_desc_editor"":""""},{""id"":""cta"",""label"":""CTA"",""time"":""0:07–0:10"",""cardStyle"":""brandcard"",""image_url"":"""",""on_screen"":""TRY PREMIUM FREE FOR 30 DAYS"",""on_screen_editor"":"""",""vo"":""Meet Equinet. Try Premium free for 30 days."",""vo_editor"":"""",""visual_desc"":"""",""visual_desc_editor"":""""}]","[{""id"":""banner_1788670229567_4t87"",""concept"":""You're One Step Away."",""sizes"":[""1x1"",""16x9"",""9x16""],""images"":{""1x1"":""/uploads/img_1788670286082_2i6gz7.jpeg""},""headline"":""Farriers, You're One Step Away."",""headline_editor"":""faezeh"",""supportingLines"":[{""id"":""line_1788670307173_5xbh"",""text"":""Your free month of EQUINET Premium is waiting!"",""editor"":""faezeh""}],""cta"":""Try Your Premium Plan \nFree for 30 Days"",""cta_editor"":""faezeh"",""visual_desc"":""Farrier glancing at phone in a truck cab, phone shows a saved-progress card: \""Your spot is saved ✓ — Step 2 of 3: claim your free month\"" with a simple progress bar."",""visual_desc_editor"":""ruslan"",""designer"":""ruslan"",""status"":""To Do""}]"
39,New Ad Scenario,MOF,FALSE,TRUE,FALSE,FALSE,TRUE,FALSE,In Process,,,,To Do,"[{""id"":""h"",""label"":""HOOK"",""time"":""0:00–0:03"",""cardStyle"":""photo"",""image_url"":"""",""on_screen"":""Click to edit hook text"",""on_screen_editor"":"""",""vo"":""Click to edit voice over"",""vo_editor"":"""",""visual_desc"":"""",""visual_desc_editor"":""""},{""id"":""p"",""label"":""PROBLEM"",""time"":""0:03–0:07"",""cardStyle"":""photo"",""image_url"":"""",""on_screen"":""Click to edit problem text"",""on_screen_editor"":"""",""vo"":""Click to edit voice over"",""vo_editor"":"""",""visual_desc"":"""",""visual_desc_editor"":""""},{""id"":""cta"",""label"":""CTA"",""time"":""0:07–0:10"",""cardStyle"":""brandcard"",""image_url"":"""",""on_screen"":""TRY PREMIUM FREE FOR 30 DAYS"",""on_screen_editor"":"""",""vo"":""Meet Equinet. Try Premium free for 30 days."",""vo_editor"":"""",""visual_desc"":"""",""visual_desc_editor"":""""}]","[{""id"":""banner_1788670499944_yciu"",""concept"":""Farriers?  No signal? \nEQUINET still works."",""sizes"":[""1x1"",""16x9"",""9x16""],""images"":{""1x1"":""/uploads/img_1788670502501_v6tfjs.jpeg""},""headline"":""Farriers?  No signal? \nEQUINET still works."",""headline_editor"":""mehri"",""supportingLines"":[],""cta"":""Get Your Premium Plan Today\n\nFree for 30 Days"",""cta_editor"":""mehri"",""visual_desc"":""Same farrier/barn setting as the earlier 'No Signal' video and banner set — visual continuity — but phone now shows a 'Welcome back — your free month is ready' unlock screen instead of a no-signal error."",""visual_desc_editor"":""admin"",""designer"":""mehri"",""status"":""To Do""}]"
40,New Ad Scenario,TOF,FALSE,TRUE,FALSE,FALSE,FALSE,FALSE,In Process,,,,To Do,"[{""id"":""h"",""label"":""HOOK"",""time"":""0:00–0:03"",""cardStyle"":""photo"",""image_url"":"""",""on_screen"":""Click to edit hook text"",""on_screen_editor"":"""",""vo"":""Click to edit voice over"",""vo_editor"":"""",""visual_desc"":"""",""visual_desc_editor"":""""}]","[{""id"":""banner_1788671253252_dnop"",""concept"":""Too Busy To Answer Every Message?"",""sizes"":[""1x1"",""16x9"",""9x16""],""images"":{""1x1"":""/uploads/img_1788671254380_sz9y47.jpeg""},""headline"":""Farriers, too Busy to Answer Every Message?"",""headline_editor"":""mehri"",""supportingLines"":[{""id"":""line_1788671289672_2nkr"",""text"":""EQUINET handles client scheduling for you!"",""editor"":""mehri""}],""cta"":""Try Premium Free for 30 Days"",""cta_editor"":""mehri"",""visual_desc"":""Farrier working on a horse's hoof, phone resting nearby showing a stack of client messages: \""Still on for Tuesday?\"" \""What time works for you?\"""",""visual_desc_editor"":""mehri"",""designer"":""mehri"",""status"":""To Do""}]"
41,New Ad Scenario,TOF,FALSE,TRUE,FALSE,FALSE,FALSE,FALSE,Done,,mehri,1789797181298,To Do,"[{""id"":""h"",""label"":""HOOK"",""time"":""0:00–0:03"",""cardStyle"":""photo"",""image_url"":""/uploads/img_1788782857537_kw2jju.png"",""on_screen"":""Farriers. Still invoicing from memory?"",""on_screen_editor"":""mohammad"",""vo"":""Farriers. Still invoicing from memory?"",""vo_editor"":""mehri"",""visual_desc"":""PENDING — no photo yet. Farrier pausing mid-task, hand on chin, trying to recall a client's invoice details — subtle frustration, not calm. Horse and paddock still visible behind him. EQUINET wordmark small at bottom-left."",""visual_desc_editor"":""mehri""},{""id"":""p"",""label"":""PROBLEM"",""time"":""0:03–0:06"",""cardStyle"":""photo"",""image_url"":""/uploads/img_1788782869625_8f4lp7.png"",""on_screen"":""Doing invoices on paper? Losing them, or can't track them?"",""on_screen_editor"":""mehri"",""vo"":""Doing invoices on paper? Losing them, or can't track them?"",""vo_editor"":""mehri"",""visual_desc"":""PENDING — no photo yet. Close-up of a hand writing on a paper checklist (Invoice client, Track payments, Follow up, Inventory, Schedule next visit) beside a coffee cup, outdoor setting."",""visual_desc_editor"":""mehri""},{""id"":""cta"",""label"":""MEET Just"",""time"":""0:06–0:10"",""cardStyle"":""brandcard"",""image_url"":""/uploads/img_1789049290908_cf22gn.png"",""on_screen"":""Create it. Send it. Done."",""on_screen_editor"":""mehri"",""vo"":""Create the invoice right in EQUINET, send it, and you're done. If you already use Xero or QuickBooks, it works with those too."",""vo_editor"":""mehri"",""visual_desc"":""PENDING — no photo yet. Farrier's hand holding a phone showing a 'Create Invoice' screen (client name, service line item, total $75.00, green Create Invoice button), barn visible in the background."",""visual_desc_editor"":""mehri""},{""id"":""step_1788782898870"",""label"":""GET PAID FASTER"",""time"":""0:10–0:14"",""cardStyle"":""photo"",""image_url"":""/uploads/img_1788782915803_19jtm0.png"",""on_screen"":""Send it. Get paid. Keep moving."",""on_screen_editor"":""mehri"",""vo"":""Send the invoice, get paid, and keep moving."",""vo_editor"":""mehri"",""visual_desc"":""PENDING — no photo yet. Farrier glancing at a phone showing an 'Invoice Paid!' notification ($75.00 from John Smith), horse and paddock visible behind him."",""visual_desc_editor"":""mehri""},{""id"":""step_1788782922453"",""label"":""TRACK & STAY ORGANIZED"",""time"":""0:14–0:18"",""cardStyle"":""photo"",""image_url"":""/uploads/img_1788782934138_lede5f.png"",""on_screen"":""Simple tracking. All your invoices, clients, and payments in one place."",""on_screen_editor"":""mehri"",""vo"":""Simple tracking. All your invoices, clients, and payments in one place."",""vo_editor"":""mehri"",""visual_desc"":""PENDING — no photo yet. Phone screen showing an Invoices list (All/Paid/Pending/Overdue tabs) with several client rows and amounts, farrier tools visible softly in the foreground."",""visual_desc_editor"":""mehri""},{""id"":""step_1788782940303"",""label"":""GROW YOUR  BUSINESS"",""time"":""18–0:22"",""cardStyle"":""photo"",""image_url"":""/uploads/img_1788782952241_v6p0gi.png"",""on_screen"":""Be more organized today. Build a stronger business tomorrow."",""on_screen_editor"":""mehri"",""vo"":""Be more organized today, and build a stronger business tomorrow."",""vo_editor"":""mehri"",""visual_desc"":""PENDING — no photo yet. Farrier at golden hour holding a tablet/phone in a field with horses, over-shoulder framing, four feature icons below (Appointments, Invoicing, Inventory, Clients)."",""visual_desc_editor"":""mehri""},{""id"":""step_1788782960854"",""label"":""CTA"",""time"":""0:22–0:25"",""cardStyle"":""photo"",""image_url"":""/uploads/img_1788782968007_pybd54.png"",""on_screen"":""EQUINET\nThe business app, built for farriers.\nStart Free Today"",""on_screen_editor"":""mehri"",""vo"":""EQUINET\nThe business app, built for farriers.\nStart Free Today"",""vo_editor"":""mehri"",""visual_desc"":""EQUINET logo on dark background beside phone and tablet mockups showing the invoice list and revenue chart dashboard; App Store and Google Play download badges."",""visual_desc_editor"":""mehri""}]",[]
43,New Ad Scenario,TOF,FALSE,FALSE,FALSE,FALSE,TRUE,FALSE,Not Started,,,,To Do,"[{""id"":""p"",""label"":""PROBLEM"",""time"":""0:03–0:07"",""cardStyle"":""photo"",""image_url"":""/uploads/img_1788787467423_bgs6zs.png"",""on_screen"":""Click to edit problem text"",""on_screen_editor"":"""",""vo"":""Click to edit voice over"",""vo_editor"":"""",""visual_desc"":"""",""visual_desc_editor"":""""},{""id"":""cta"",""label"":""CTA"",""time"":""0:07–0:10"",""cardStyle"":""brandcard"",""image_url"":""/uploads/img_1788787513099_q8yzzg.png"",""on_screen"":""TRY PREMIUM FREE FOR 30 DAYS"",""on_screen_editor"":"""",""vo"":""Meet Equinet. Try Premium free for 30 days."",""vo_editor"":"""",""visual_desc"":"""",""visual_desc_editor"":""""},{""id"":""step_1788787939033"",""label"":""NEW STEP"",""time"":""0:00–0:03"",""cardStyle"":""photo"",""image_url"":""/uploads/img_1788787976241_0iloxj.png"",""on_screen"":""Click to edit"",""on_screen_editor"":"""",""vo"":""Click to edit"",""vo_editor"":"""",""visual_desc"":"""",""visual_desc_editor"":""""},{""id"":""step_1788788162638"",""label"":""NEW STEP"",""time"":""0:00–0:03"",""cardStyle"":""photo"",""image_url"":""/uploads/img_1788789998503_3a8amw.png"",""on_screen"":""Click to edit"",""on_screen_editor"":"""",""vo"":""Click to edit"",""vo_editor"":"""",""visual_desc"":"""",""visual_desc_editor"":""""},{""id"":""step_1788790010536"",""label"":""NEW STEP"",""time"":""0:00–0:03"",""cardStyle"":""photo"",""image_url"":""/uploads/img_1788790023817_tkwd9g.png"",""on_screen"":""Click to edit"",""on_screen_editor"":"""",""vo"":""Click to edit"",""vo_editor"":"""",""visual_desc"":"""",""visual_desc_editor"":""""},{""id"":""step_1788790037296"",""label"":""NEW STEP"",""time"":""0:00–0:03"",""cardStyle"":""photo"",""image_url"":""/uploads/img_1788790046854_seye6m.png"",""on_screen"":""Click to edit"",""on_screen_editor"":"""",""vo"":""Click to edit"",""vo_editor"":"""",""visual_desc"":"""",""visual_desc_editor"":""""}]",[]
44,New Ad Scenario,TOF,FALSE,FALSE,FALSE,FALSE,TRUE,FALSE,Not Started,,,,To Do,"[{""id"":""h"",""label"":""HOOK"",""time"":""0:00–0:03"",""cardStyle"":""photo"",""image_url"":""/uploads/img_1788843762880_zu0ryg.png"",""on_screen"":""Shoeing? Vaccination? Dentist? Can you remember every care date?"",""on_screen_editor"":""faezeh"",""vo"":""Can you remember every care date for every horse?"",""vo_editor"":""faezeh"",""visual_desc"":""Close-ups of a bay horse, a grey horse, and a farrier working — quick cuts."",""visual_desc_editor"":""faezeh""},{""id"":""p"",""label"":""The Situation"",""time"":""0:03–0:07"",""cardStyle"":""photo"",""image_url"":""/uploads/img_1788843744535_snx93g.png"",""on_screen"":""More horses. More to remember."",""on_screen_editor"":""faezeh"",""vo"":""With multiple horses, keeping track of every care cycle can get complicated."",""vo_editor"":""faezeh"",""visual_desc"":""A handwritten to-do list (Farrier, Vaccination, Dentist, Deworming) next to a phone calendar; a stressed woman with hand on forehead."",""visual_desc_editor"":""faezeh""},{""id"":""cta"",""label"":""The Situation"",""time"":""0:07–0:10"",""cardStyle"":""brandcard"",""image_url"":""/uploads/img_1788843751528_bi0sfn.png"",""on_screen"":""Know what was done. Know what's next. Appointments · Care history · Upcoming care"",""on_screen_editor"":""faezeh"",""vo"":""Equinet keeps each horse's care history and appointments together."",""vo_editor"":""faezeh"",""visual_desc"":""Hand holding a phone showing the EQUINET app with a horse profile (Bella) listing farrier visit, vaccination, dental check; three horses shown together."",""visual_desc_editor"":""faezeh""},{""id"":""step_1788843311698"",""label"":""The Benefit"",""time"":""0:00–0:03"",""cardStyle"":""photo"",""image_url"":""/uploads/img_1788843769301_37xjzq.png"",""on_screen"":""Stay ahead of their care. So you can stay on top of the care each horse needs."",""on_screen_editor"":""faezeh"",""vo"":""So you can stay on top of the care each horse needs."",""vo_editor"":""faezeh"",""visual_desc"":""Three horses shown individually (Belle, Duke, Apollo) each with a small care-status icon (farrier, vaccination, dental)."",""visual_desc_editor"":""faezeh""},{""id"":""step_1788843401050"",""label"":""CTA"",""time"":""0:00–0:03"",""cardStyle"":""photo"",""image_url"":""/uploads/img_1788844017264_carqxi.png"",""on_screen"":""Every horse. Every record. One app"",""on_screen_editor"":""faezeh"",""vo"":""Equinet. Every horse. Every record. One app. \nStart free today."",""vo_editor"":""faezeh"",""visual_desc"":""EQUINET logo; phone screens showing 'My Horses' and 'Appointments' views; App Store and Google Play badges; 'Start Free Today' button."",""visual_desc_editor"":""faezeh""}]",[]
45,New Ad Scenario,TOF,FALSE,FALSE,FALSE,FALSE,TRUE,FALSE,Not Started,,,,To Do,"[{""id"":""h"",""label"":""HOOK"",""time"":""0:00–0:03"",""cardStyle"":""photo"",""image_url"":""/uploads/img_1788844787963_27qh1q.png"",""on_screen"":""Where is YOUR horse's history?"",""on_screen_editor"":""faezeh"",""vo"":""Where is your horse's complete history?"",""vo_editor"":""faezeh"",""visual_desc"":""A woman in a barn looks at her phone; notification cards float beside her (WhatsApp farrier photo, Vet Clinic email, an image file); a horse looks on behind her."",""visual_desc_editor"":""faezeh""},{""id"":""p"",""label"":""The Solution"",""time"":""0:03–0:07"",""cardStyle"":""photo"",""image_url"":""/uploads/img_1788844832474_6p9e99.png"",""on_screen"":""PAPER. PHOTOS. MESSAGES. DIFFERENT PROFESSIONALS."",""on_screen_editor"":""faezeh"",""vo"":""Some with your vet. Some with your farrier. Some on your phone. Some on paper."",""vo_editor"":""faezeh"",""visual_desc"":""Four side-by-side visuals: a handwritten paper ledger, a phone showing horse photos, a printed vet clinic exam report, and a farrier's text message thread."",""visual_desc_editor"":""faezeh""},{""id"":""cta"",""label"":""The Solution"",""time"":""0:07–0:10"",""cardStyle"":""brandcard"",""image_url"":""/uploads/img_1788844880338_c0pmq4.png"",""on_screen"":""EVERY RECORD. ONE PLACE.\n Farrier\n Vet\n Vaccination\n Dental \n·And more..."",""on_screen_editor"":""faezeh"",""vo"":""Equinet brings your horse's care records together in one place."",""vo_editor"":""faezeh"",""visual_desc"":""Hand holding a phone showing the EQUINET app with horse profile (Belle) listing farrier visit, vet exam, vaccination, dental care; horse in background."",""visual_desc_editor"":""faezeh""},{""id"":""step_1788844921618"",""label"":""The Benefit"",""time"":""0:00–0:03"",""cardStyle"":""photo"",""image_url"":""/uploads/img_1788844932741_fabtst.png"",""on_screen"":""FIND THE HORSE. KNOW THE HISTORY. \nWhatever the horse, its care history is right there."",""on_screen_editor"":""faezeh"",""vo"":""Whatever the horse, its care history is right there."",""vo_editor"":""faezeh"",""visual_desc"":""Hand holding a phone showing the 'My Horses' list (Belle, Enzo, Luna, Scout) with horses grazing in a pasture in the background."",""visual_desc_editor"":""faezeh""},{""id"":""step_1788844977890"",""label"":""CTA"",""time"":""0:00–0:03"",""cardStyle"":""photo"",""image_url"":""/uploads/img_1788844985581_lb4jyi.png"",""on_screen"":""Every horse. Every record. One app"",""on_screen_editor"":""faezeh"",""vo"":""Equinet. Every horse. Every record. One app. Start free today."",""vo_editor"":""faezeh"",""visual_desc"":""EQUINET logo; phone screens showing 'My Horses' list and a horse's (Belle) record detail with farrier visit, vet exam, vaccination entries; App Store and Google Play badges; 'Start Free Today' button."",""visual_desc_editor"":""faezeh""}]",[]
46,New Ad Scenario (Copy),TOF,FALSE,TRUE,FALSE,FALSE,FALSE,FALSE,Done,,ruslan,1789104977575,To Do,"[{""id"":""h_copy_1788854398735_8mo2"",""label"":""HOOK"",""time"":""0:00–0:03"",""cardStyle"":""photo"",""image_url"":""/uploads/img_1788844787963_27qh1q.png"",""on_screen"":""Own several horses? Where's their history?"",""on_screen_editor"":""ruslan"",""vo"":""Own several horses? Where's each of their complete histories?"",""vo_editor"":""ruslan"",""visual_desc"":""A woman in a barn looks at her phone; notification cards float beside her (WhatsApp farrier photo, Vet Clinic email, an image file); a horse looks on behind her."",""visual_desc_editor"":""ruslan""},{""id"":""p_copy_1788854398735_y3ew"",""label"":""The Solution"",""time"":""0:03–0:08"",""cardStyle"":""photo"",""image_url"":""/uploads/img_1788844832474_6p9e99.png"",""on_screen"":""Invoices. Photos. Notes. Appointments. Where do you store it all?"",""on_screen_editor"":""ruslan"",""vo"":""Some with your vet. Some with your farrier. All over the place."",""vo_editor"":""ruslan"",""visual_desc"":""Four side-by-side visuals: a handwritten paper ledger, a phone showing horse photos, a printed vet clinic exam report, and a farrier's text message thread."",""visual_desc_editor"":""ruslan""},{""id"":""cta_copy_1788854398735_zemt"",""label"":""The Solution"",""time"":""0:08–0:14"",""cardStyle"":""brandcard"",""image_url"":""/uploads/img_1788844880338_c0pmq4.png"",""on_screen"":""Every record. One place. \nFarrier \nVet \nVaccination \nDental \nTrainers\nAppointments \nInvoices\nAnd more..."",""on_screen_editor"":""ruslan"",""vo"":""EQUINET brings every horse's care records together in one place."",""vo_editor"":""ruslan"",""visual_desc"":""Hand holding a phone showing the EQUINET app with horse profile (Belle) listing farrier visit, vet exam, vaccination, dental care; horse in background."",""visual_desc_editor"":""faezeh""},{""id"":""step_1788844921618_copy_1788854398735_4451"",""label"":""The Benefit"",""time"":""0:14–0:18"",""cardStyle"":""photo"",""image_url"":""/uploads/img_1788844932741_fabtst.png"",""on_screen"":""Your horses' full history. Saved."",""on_screen_editor"":""ruslan"",""vo"":""Manage every horse in one place. One source of truth you can count on."",""vo_editor"":""ruslan"",""visual_desc"":""Hand holding a phone showing the 'My Horses' list (Belle, Enzo, Luna, Scout) with horses grazing in a pasture in the background."",""visual_desc_editor"":""faezeh""},{""id"":""step_1788844977890_copy_1788854398735_4wnk"",""label"":""CTA"",""time"":""0:18–0:22"",""cardStyle"":""photo"",""image_url"":""/uploads/img_1788844985581_lb4jyi.png"",""on_screen"":""EQUINET\nEvery horse. Every record. One app. \nStart Free Today"",""on_screen_editor"":""ruslan"",""vo"":""EQUINET\nEvery horse. Every record. One app. \nStart Free Today"",""vo_editor"":""ruslan"",""visual_desc"":""EQUINET logo; phone screens showing 'My Horses' list and a horse's (Belle) record detail with farrier visit, vet exam, vaccination entries; App Store and Google Play badges; 'Start Free Today' button."",""visual_desc_editor"":""faezeh""}]",[]
47,New Ad Scenario (Copy),TOF,FALSE,TRUE,FALSE,FALSE,FALSE,FALSE,Done,,mehri,1789040777310,To Do,"[{""id"":""h_copy_1788854409078_k65s"",""label"":""HOOK"",""time"":""0:00–0:03"",""cardStyle"":""photo"",""image_url"":""/uploads/img_1788843762880_zu0ryg.png"",""on_screen"":""Having multiple horses?\nShoeing? Vaccination? Dentist? Can you remember every care date?"",""on_screen_editor"":""mehri"",""vo"":""Having multiple horses?\nCan you remember every care date for every horse?"",""vo_editor"":""faezeh"",""visual_desc"":""Close-ups of a bay horse, a grey horse, and a farrier working — quick cuts."",""visual_desc_editor"":""mehri""},{""id"":""p_copy_1788854409078_hn86"",""label"":""The Situation"",""time"":""0:03–0:08"",""cardStyle"":""photo"",""image_url"":""/uploads/img_1788843744535_snx93g.png"",""on_screen"":""More horses. More to remember."",""on_screen_editor"":""mehri"",""vo"":""With several horses, keeping track of every care cycle can get complicated."",""vo_editor"":""faezeh"",""visual_desc"":""A handwritten to-do list (Farrier, Vaccination, Dentist, Deworming) next to a phone calendar; a stressed woman with hand on forehead."",""visual_desc_editor"":""mehri""},{""id"":""cta_copy_1788854409078_jyp4"",""label"":""The Situation"",""time"":""0:08–0:13"",""cardStyle"":""brandcard"",""image_url"":""/uploads/img_1788843751528_bi0sfn.png"",""on_screen"":""Know what was done. Know what's next. Appointments · Care history · Upcoming care"",""on_screen_editor"":""faezeh"",""vo"":""EQUINET keeps each horse's care history and appointments together."",""vo_editor"":""mehri"",""visual_desc"":""Hand holding a phone showing the EQUINET app with a horse profile (Bella) listing farrier visit, vaccination, dental check; three horses shown together."",""visual_desc_editor"":""mehri""},{""id"":""step_1788843311698_copy_1788854409078_h3ou"",""label"":""The Benefit"",""time"":""0:13–0:18"",""cardStyle"":""photo"",""image_url"":""/uploads/img_1788843769301_37xjzq.png"",""on_screen"":""Track every horse's appointments. Their whole history stays in EQUINET."",""on_screen_editor"":""faezeh"",""vo"":""Track every horse's appointments. Their whole history stays in EQUINET."",""vo_editor"":""faezeh"",""visual_desc"":""Three horses shown individually (Belle, Duke, Apollo) each with a small care-status icon (farrier, vaccination, dental)."",""visual_desc_editor"":""mehri""},{""id"":""step_1788843401050_copy_1788854409078_qm8s"",""label"":""CTA"",""time"":""0:18–0:22"",""cardStyle"":""photo"",""image_url"":""/uploads/img_1788844017264_carqxi.png"",""on_screen"":""EQUINET. Every horse. Every record. One app. \nStart Free Today"",""on_screen_editor"":""mohammad"",""vo"":""EQUINET. Every horse. Every record. One app. \nStart Free Today"",""vo_editor"":""mohammad"",""visual_desc"":""EQUINET logo; phone screens showing 'My Horses' and 'Appointments' views; App Store and Google Play badges; 'Start Free Today' button."",""visual_desc_editor"":""mohammad""}]",[]
49,New Ad Scenario,TOF,FALSE,TRUE,FALSE,FALSE,FALSE,FALSE,Done,,mehri,1789715698448,To Do,"[{""id"":""h"",""label"":""HOOK"",""time"":""0:00–0:03"",""cardStyle"":""photo"",""image_url"":""/uploads/img_1789451253528_e99ep8.jfif"",""on_screen"":""Managing multiple horses? \nYou and your care team buried in papers, records, and invoices?"",""on_screen_editor"":""faezeh"",""vo"":""Managing multiple horses? You and your care team buried in papers, records, and invoices?"",""vo_editor"":""faezeh"",""visual_desc"":""Owner standing in a barn aisle with several horses nearby, arms full of paper records and invoices, while the vet and farrier each hand her more paperwork — visibly overwhelmed by the pile."",""visual_desc_editor"":""faezeh""},{""id"":""p"",""label"":""PROBLEM"",""time"":""0:04–0:07"",""cardStyle"":""photo"",""image_url"":""/uploads/img_1789451351858_qh8tby.jfif"",""on_screen"":""Your care team needs access to Horse's records differently?"",""on_screen_editor"":""faezeh"",""vo"":""Your vet needs one thing. Your farrier needs another. Do they need access to the invoices?"",""vo_editor"":""faezeh"",""visual_desc"":""Split-screen or quick-cut: owner on a phone call with the vet asking about a horse's medical record, then switching to another call with the farrier asking about invoice access — same information, two different requests, owner scrambling to keep up."",""visual_desc_editor"":""faezeh""},{""id"":""cta"",""label"":""SOLUTION"",""time"":""0:08–0:14"",""cardStyle"":""brandcard"",""image_url"":""/uploads/img_1789451417269_suz5qj.jfif"",""on_screen"":""EQUINET keeps every horse's history, record, and invoice secure in one place."",""on_screen_editor"":""faezeh"",""vo"":""EQUINET keeps every horse's history, record, and invoice secure in one place."",""vo_editor"":""faezeh"",""visual_desc"":""Owner adding team members to the horse's profile inside the EQUINET app."",""visual_desc_editor"":""mehri""},{""id"":""step_1789136785557"",""label"":""PROOF"",""time"":""0:15–0:17"",""cardStyle"":""photo"",""image_url"":""/uploads/img_1789136792121_dt61dc.png"",""on_screen"":""You decide who sees what."",""on_screen_editor"":""faezeh"",""vo"":""You decide exactly what to share, and with who."",""vo_editor"":""faezeh"",""visual_desc"":""Phone screen showing the Teams feature with vet, farrier, and trainer avatars listed."",""visual_desc_editor"":""faezeh""},{""id"":""step_1789136786139"",""label"":""BENEFIT"",""time"":""0:18–0:21"",""cardStyle"":""photo"",""image_url"":""/uploads/img_1789136799163_e6jrua.png"",""on_screen"":""Everyone gets customized and secure access."",""on_screen_editor"":""mehri"",""vo"":""So your whole care team stays updated on exactly what they need."",""vo_editor"":""faezeh"",""visual_desc"":""Vet, farrier, and\n  trainer all viewing the same updated profile on their own phones."",""visual_desc_editor"":""faezeh""},{""id"":""step_1789136805374"",""label"":""CTA"",""time"":""0:22–0:26"",""cardStyle"":""photo"",""image_url"":""/uploads/img_1789140831920_5qmhtm.png"",""on_screen"":""EQUINET.\n\n\n\n Every horse. Every record. One app. \n\n\nStart Free Today"",""on_screen_editor"":""faezeh"",""vo"":""EQUINET. \n\n\n\nEvery horse. Every record. One app. \n\n\nStart Free Today"",""vo_editor"":""faezeh"",""visual_desc"":""EQUINET logo; phone screens showing 'My Horses' and 'Appointments' views; App Store and Google Play badges; 'Start Free Today' button."",""visual_desc_editor"":""faezeh""}]",[]
50,New Ad Scenario (Copy),TOF,FALSE,TRUE,FALSE,FALSE,FALSE,FALSE,Done,,ruslan,1789793937439,To Do,"[{""id"":""h_copy_1789141092663_w1i6"",""label"":""HOOK"",""time"":""0:00–0:03"",""cardStyle"":""photo"",""image_url"":""/uploads/img_1789141105593_1ofpnw.png"",""on_screen"":""Managing several horses?"",""on_screen_editor"":""faezeh"",""vo"":""Managing several horses?"",""vo_editor"":""faezeh"",""visual_desc"":""Owner in an exam room, new vet waiting with a clipboard, owner's face going blank trying to recall details on the spot."",""visual_desc_editor"":""faezeh""},{""id"":""p_copy_1789141092663_5rml"",""label"":""PROBLEM"",""time"":""0:04–0:07"",""cardStyle"":""photo"",""image_url"":""/uploads/img_1789141109979_wnrg27.png"",""on_screen"":""New vet, same questions?\nPiecing it together from memory?"",""on_screen_editor"":""mohammad"",""vo"":""New vet, same questions?\nPiecing it together from memory?"",""vo_editor"":""ruslan"",""visual_desc"":""Owner trying to recall details out loud, piecing together fragments from memory."",""visual_desc_editor"":""faezeh""},{""id"":""cta_copy_1789141092663_il6a"",""label"":""SOLUTION"",""time"":""0:08–0:14"",""cardStyle"":""brandcard"",""image_url"":""/uploads/img_1789141115018_wikw0o.png"",""on_screen"":""EQUINET: a single source of truth for every horse."",""on_screen_editor"":""faezeh"",""vo"":""EQUINET keeps a single source of truth for every horse."",""vo_editor"":""ruslan"",""visual_desc"":""Owner opening EQUINET and showing the vet a complete, accurate record on the spot."",""visual_desc_editor"":""faezeh""},{""id"":""step_1789136785557_copy_1789141092663_ullw"",""label"":""PROOF"",""time"":""0:15–0:18"",""cardStyle"":""photo"",""image_url"":""/uploads/img_1789141119554_msim6c.png"",""on_screen"":""Accurate. \nComplete. \nUp to date."",""on_screen_editor"":""faezeh"",""vo"":""Accurate, complete, and always up to date."",""vo_editor"":""faezeh"",""visual_desc"":""Phone screen showing the horse profile, always up to date, timestamped entries visible."",""visual_desc_editor"":""faezeh""},{""id"":""step_1789136786139_copy_1789141092663_tplp"",""label"":""BENEFIT"",""time"":""0:19–0:22"",""cardStyle"":""photo"",""image_url"":""/uploads/img_1789141126259_mmd8f6.png"",""on_screen"":""No more starting from zero."",""on_screen_editor"":""ruslan"",""vo"":""So nobody's ever starting from zero again."",""vo_editor"":""faezeh"",""visual_desc"":""Vet nodding, satisfied, moving straight into the exam with full context."",""visual_desc_editor"":""ruslan""},{""id"":""step_1789136805374_copy_1789141092663_g0kz"",""label"":""CTA"",""time"":""0:22–0:27"",""cardStyle"":""photo"",""image_url"":""/uploads/img_1789140831920_5qmhtm.png"",""on_screen"":""EQUINET. Every horse. Every record. One app. \nStart Free Today"",""on_screen_editor"":""faezeh"",""vo"":""EQUINET. Every horse. Every record. One app. \nStart Free Today"",""vo_editor"":""faezeh"",""visual_desc"":""EQUINET logo; phone screens showing 'My Horses' and 'Appointments' views; App Store and Google Play badges; 'Start Free Today' button."",""visual_desc_editor"":""faezeh""}]",[]
51,NEW AD SCENARIO (COPY) (COPY),TOF,FALSE,TRUE,FALSE,FALSE,FALSE,FALSE,In Process,,mehri,,To Do,"[{""id"":""h_copy_1789141092663_w1i6_copy_1789141731660_mp5t"",""label"":""HOOK"",""time"":""0:00–0:04"",""cardStyle"":""photo"",""image_url"":""/uploads/img_1789141750727_3qcdfw.png"",""on_screen"":""Several horses? Several schedules? Losing your horses tracks?"",""on_screen_editor"":""torfeh"",""vo"":""Managing several horses. Several schedules. \nCan you keep it all straight?"",""vo_editor"":""torfeh"",""visual_desc"":""Owner staring at their horse's overgrown hooves, wincing, phone in hand trying to recall the last appointment."",""visual_desc_editor"":""torfeh""},{""id"":""p_copy_1789141092663_5rml_copy_1789141731660_304d"",""label"":""PROBLEM"",""time"":""0:04–0:07"",""cardStyle"":""photo"",""image_url"":""/uploads/img_1789141759449_kjg5vv.png"",""on_screen"":""Which one had the vet? Which one's due for the farrier?"",""on_screen_editor"":""torfeh"",""vo"":""Which one had the vet? Which one's due for the farrier?"",""vo_editor"":""torfeh"",""visual_desc"":""Owner texting back and forth with the farrier trying to reschedule."",""visual_desc_editor"":""torfeh""},{""id"":""cta_copy_1789141092663_il6a_copy_1789141731660_94ql"",""label"":""SOLUTION"",""time"":""0:08–0:15"",""cardStyle"":""brandcard"",""image_url"":""/uploads/img_1789141766511_o02z3a.png"",""on_screen"":""In EQUINET, every horse has: \nOwn profile. \nVisits & appointments.\n Email & SMS reminders."",""on_screen_editor"":""torfeh"",""vo"":""In EQUINET, every horse has: \nOwn profile. \nVisits & appointments, and automated reminders."",""vo_editor"":""torfeh"",""visual_desc"":""Owner viewing an automated appointment schedule with reminders inside EQUINET."",""visual_desc_editor"":""torfeh""},{""id"":""step_1789136786139_copy_1789141092663_tplp_copy_1789141731660_3sib"",""label"":""BENEFIT"",""time"":""15:00–18:00"",""cardStyle"":""photo"",""image_url"":""/uploads/img_1789141782058_77a1yu.png"",""on_screen"":""Every horse, always organized."",""on_screen_editor"":""torfeh"",""vo"":""So you always know exactly what each horse needs."",""vo_editor"":""torfeh"",""visual_desc"":""Owner greeting the farrier right on time, no back-and-forth needed."",""visual_desc_editor"":""torfeh""},{""id"":""step_1789136805374_copy_1789141092663_g0kz_copy_1789141731660_rumf"",""label"":""CTA"",""time"":""0:19–0:24"",""cardStyle"":""photo"",""image_url"":""/uploads/img_1789140831920_5qmhtm.png"",""on_screen"":""EQUINET. Every horse. Every record. One app. \nStart Free Today"",""on_screen_editor"":""torfeh"",""vo"":""EQUINET. Every horse. Every record. One app. \nStart Free Today"",""vo_editor"":""torfeh"",""visual_desc"":""EQUINET logo; phone screens showing 'My Horses' and 'Appointments' views; App Store and Google Play badges; 'Start Free Today' button."",""visual_desc_editor"":""torfeh""}]",[]
52,New Ad Scenario (Copy) (Copy) (Copy),TOF,FALSE,TRUE,FALSE,FALSE,FALSE,FALSE,Not Started,,,,To Do,"[{""id"":""h_copy_1789141092663_w1i6_copy_1789141731660_mp5t_copy_1789302686350_ggyd"",""label"":""HOOK"",""time"":""0:00–0:03"",""cardStyle"":""photo"",""image_url"":""/uploads/img_1789303475576_dbawjr.png"",""on_screen"":""Manage several horses? Already forgot what your care team told you?"",""on_screen_editor"":""faezeh"",""vo"":""Managing several horses? Did you already forget what your care team told you?"",""vo_editor"":""faezeh"",""visual_desc"":""Owner watching the farrier's truck pull away, standing alone, realizing they never wrote down what was said."",""visual_desc_editor"":""faezeh""},{""id"":""p_copy_1789141092663_5rml_copy_1789141731660_304d_copy_1789302686350_93vr"",""label"":""PROBLEM"",""time"":""0:04–0:07"",""cardStyle"":""photo"",""image_url"":""/uploads/img_1789303486576_mejoq7.png"",""on_screen"":""Your farrier told you? Now it's gone? Nothing saved?"",""on_screen_editor"":""faezeh"",""vo"":""Your farrier told you?\n Now it's gone? Nothing saved?"",""vo_editor"":""faezeh"",""visual_desc"":""Owner trying to recall a verbal handoff hours later, unsure of the details."",""visual_desc_editor"":""faezeh""},{""id"":""cta_copy_1789141092663_il6a_copy_1789141731660_94ql_copy_1789302686350_99ra"",""label"":""SOLUTION"",""time"":""0:08–0:15"",""cardStyle"":""brandcard"",""image_url"":""/uploads/img_1789303499363_zr2eue.png"",""on_screen"":""EQUINET keeps every horse's records and logs, notes and photos, right in the app."",""on_screen_editor"":""faezeh"",""vo"":""EQUINET keeps every horse's records and logs, notes and photos, right in the app."",""vo_editor"":""faezeh"",""visual_desc"":""Farrier logging notes and photos directly into the horse's entry inside EQUINET."",""visual_desc_editor"":""faezeh""},{""id"":""step_1789136786139_copy_1789141092663_tplp_copy_1789141731660_3sib_copy_1789302686350_yf86"",""label"":""BENEFIT"",""time"":""0:16–0:19"",""cardStyle"":""photo"",""image_url"":""/uploads/img_1789303525120_nh9g8d.png"",""on_screen"":""Never lose your horse's info. Always there when you need it."",""on_screen_editor"":""faezeh"",""vo"":""So you never lose your horse's info. \nAlways there when you need it."",""vo_editor"":""faezeh"",""visual_desc"":""Owner calmly reviewing last visit's entry on their phone weeks later."",""visual_desc_editor"":""faezeh""},{""id"":""step_1789136805374_copy_1789141092663_g0kz_copy_1789141731660_rumf_copy_1789302686350_2txx"",""label"":""CTA"",""time"":""0:20–0:24"",""cardStyle"":""photo"",""image_url"":""/uploads/img_1789140831920_5qmhtm.png"",""on_screen"":""EQUINET. Every horse. Every record. One app. \nStart Free Today"",""on_screen_editor"":""faezeh"",""vo"":""EQUINET. Every horse. Every record. One app. \nStart Free Today"",""vo_editor"":""faezeh"",""visual_desc"":""EQUINET logo; phone screens showing 'My Horses' and 'Appointments' views; App Store and Google Play badges; 'Start Free Today' button."",""visual_desc_editor"":""faezeh""}]",[]
61,New Ad Scenario (Copy) (Copy) (Copy),TOF,FALSE,FALSE,FALSE,FALSE,TRUE,FALSE,Not Started,,torfeh,,To Do,"[{""id"":""h_copy_1789141092663_w1i6_copy_1789141731660_mp5t_copy_1789449523087_lef8"",""label"":""HOOK"",""time"":""0:00–0:03"",""cardStyle"":""photo"",""image_url"":""/uploads/img_1789459736601_i4qz5u.png"",""on_screen"":""A buyer wants his full history. Right now. Can you send it?"",""on_screen_editor"":""mohammad"",""vo"":""A buyer wants his full history — right now. Could you actually send it?"",""vo_editor"":""mohammad"",""visual_desc"":""Owner standing\n  right beside their horse, one hand resting on its neck, mid-phone-call with a\n  buyer, papers spilling off a nearby table, visibly flustered."",""visual_desc_editor"":""mohammad""},{""id"":""p_copy_1789141092663_5rml_copy_1789141731660_304d_copy_1789449523087_x4lr"",""label"":""PROBLEM"",""time"":""0:03–0:06"",""cardStyle"":""photo"",""image_url"":""/uploads/img_1789459747454_u92lh6.png"",""on_screen"":""Scrambling for paperwork you can't find fast."",""on_screen_editor"":""mohammad"",""vo"":""Scrambling for paperwork you can't find fast, while the buyer waits."",""vo_editor"":""mohammad"",""visual_desc"":""Owner frantically\n  digging through drawers and old emails trying to piece together documents."",""visual_desc_editor"":""mohammad""},{""id"":""cta_copy_1789141092663_il6a_copy_1789141731660_94ql_copy_1789449523087_7xgr"",""label"":""SOLUTION"",""time"":""0:06–0:13"",""cardStyle"":""brandcard"",""image_url"":""/uploads/img_1789459761385_1lkgis.png"",""on_screen"":""EQUINET sends his full history in one tap."",""on_screen_editor"":""mohammad"",""vo"":"""",""vo_editor"":""mohammad"",""visual_desc"":""Owner tapping\n  'Share' on the horse's profile, sending the full history instantly from their\n  phone."",""visual_desc_editor"":""mohammad""},{""id"":""step_1789136786139_copy_1789141092663_tplp_copy_1789141731660_3sib_copy_1789449523087_9gs8"",""label"":""PROOF/DEMO"",""time"":""13:00–15:00"",""cardStyle"":""photo"",""image_url"":""/uploads/img_1789459771913_qwwhmd.png"",""on_screen"":""One tap. Full history. Sent instantly."",""on_screen_editor"":""mohammad"",""vo"":"""",""vo_editor"":""mohammad"",""visual_desc"":""Phone screen\n  showing a shareable link being generated with full record attached."",""visual_desc_editor"":""mohammad""},{""id"":""step_1789136805374_copy_1789141092663_g0kz_copy_1789141731660_rumf_copy_1789449523087_3vpa"",""label"":""BENEFIT"",""time"":""0:15–0:18"",""cardStyle"":""photo"",""image_url"":""/uploads/img_1789459826798_aakp2y.png"",""on_screen"":""No scrambling. Ever again."",""on_screen_editor"":""mohammad"",""vo"":"""",""vo_editor"":""mohammad"",""visual_desc"":""Owner shaking hands\n  with the buyer, phone put away, deal moving forward smoothly."",""visual_desc_editor"":""mohammad""},{""id"":""step_1789459797693"",""label"":""CTA"",""time"":""0:18–0:20"",""cardStyle"":""photo"",""image_url"":"""",""on_screen"":""EQUINET. Every horse. Every record. One app. \nStart Free Today"",""on_screen_editor"":""mohammad"",""vo"":""EQUINET. Every horse. Every record. One app. \nStart Free Today"",""vo_editor"":""mohammad"",""visual_desc"":""EQUINET logo; phone screens showing 'My Horses' and 'Appointments' views; App Store and Google Play badges; 'Start Free Today' button."",""visual_desc_editor"":""mohammad""}]",[]
62,ONBORDING VIDEO | HOW TO UPGRADE PREMIUM,TOF,FALSE,FALSE,FALSE,FALSE,TRUE,FALSE,In Process,,torfeh,,To Do,"[{""id"":""h"",""label"":"""",""time"":""0:00-0:04"",""cardStyle"":""photo"",""image_url"":""/uploads/img_1789535317042_uqidfe.png"",""on_screen"":""Still on EQUINET Core?"",""on_screen_editor"":""torfeh"",""vo"":""Still using EQUINET Core?\nDiscover what’s best for your business in 60 seconds."",""vo_editor"":""torfeh"",""visual_desc"":""EQUINET splash / Sign In screen"",""visual_desc_editor"":""mohammad""},{""id"":""p"",""label"":"""",""time"":""0:04-0:09"",""cardStyle"":""photo"",""image_url"":""/uploads/img_1789535378828_v0v5cm.png"",""on_screen"":"""",""on_screen_editor"":""mohammad"",""vo"":""Let's log in and take a look."",""vo_editor"":""torfeh"",""visual_desc"":""Entering login credentials"",""visual_desc_editor"":""mohammad""},{""id"":""cta"",""label"":"""",""time"":""0:09-0:14"",""cardStyle"":""brandcard"",""image_url"":""/uploads/img_1789535512420_x5hivq.png"",""on_screen"":"""",""on_screen_editor"":""mohammad"",""vo"":"""",""vo_editor"":""mohammad"",""visual_desc"":""\""Syncing your data...\"" loading screen"",""visual_desc_editor"":""mohammad""},{""id"":""step_1789535555509"",""label"":"""",""time"":""0:14-0:16"",""cardStyle"":""photo"",""image_url"":""/uploads/img_1789535620209_0uu5ps.png"",""on_screen"":""Your Dashboard"",""on_screen_editor"":""torfeh"",""vo"":""You'll start on the core dashboard."",""vo_editor"":""torfeh"",""visual_desc"":""Dashboard loads"",""visual_desc_editor"":""mohammad""},{""id"":""step_1789535667697"",""label"":"""",""time"":""0:16-0:19"",""cardStyle"":""photo"",""image_url"":""/uploads/img_1789535723595_alsi30.png"",""on_screen"":""Tap More -> Premium"",""on_screen_editor"":""torfeh"",""vo"":""Click on 'More,' then 'Premium' -- that's all it takes to see what you've been missing."",""vo_editor"":""torfeh"",""visual_desc"":""Tap \""More\"" -> tap \""Premium\"" icon"",""visual_desc_editor"":""mohammad""},{""id"":""step_1789535771865"",""label"":"""",""time"":""0:19-0:24"",""cardStyle"":""photo"",""image_url"":""/uploads/img_1789535815292_4eu8wm.png"",""on_screen"":""Unlimited invoicing \nAppointment invites\nClient RSVPs\nAutomated reminders"",""on_screen_editor"":""torfeh"",""vo"":""Unlimited invoicing. Appointment invitations. Client RSVPs. Automated reminders."",""vo_editor"":""torfeh"",""visual_desc"":""Premium vs Core comparison screen, scrolling through feature list"",""visual_desc_editor"":""mohammad""},{""id"":""step_1789535886039"",""label"":"""",""time"":""0:24-0:28"",""cardStyle"":""photo"",""image_url"":""/uploads/img_1789535931098_f7a2no.png"",""on_screen"":""1 MONTH FREE -- $0 today"",""on_screen_editor"":""torfeh"",""vo"":""And you can try all of it now -- free -- for a full month."",""vo_editor"":""torfeh"",""visual_desc"":""Tap \""Start 1-month free trial\"""",""visual_desc_editor"":""torfeh""},{""id"":""step_1789536031103"",""label"":"""",""time"":""0:28-0:32"",""cardStyle"":""photo"",""image_url"":""/uploads/img_1789536087993_7iabg6.png"",""on_screen"":""NO COMMITMENT. CANCEL ANYTIME. (highlight/circle this line on the sheet)"",""on_screen_editor"":""torfeh"",""vo"":""Right here, Apple spells it out:\n\nNobody's locking you into anything. \n\n\n\n\n(You can cancel anytime easily in your phone's settings, with no long-term commitment.)"",""vo_editor"":""torfeh"",""visual_desc"":""Apple App Store confirmation sheet (\""1-month free trial... $29/month... No commitment. Cancel anytime in Settings\"")"",""visual_desc_editor"":""mohammad""},{""id"":""step_1789536154746"",""label"":"""",""time"":""0:32-0:35"",""cardStyle"":""photo"",""image_url"":""/uploads/img_1789536194954_se6crm.png"",""on_screen"":"""",""on_screen_editor"":""mohammad"",""vo"":""Confirm the upgraded free trial, and that's it."",""vo_editor"":""torfeh"",""visual_desc"":""Processing transaction"",""visual_desc_editor"":""mohammad""},{""id"":""step_1789536238975"",""label"":"""",""time"":""0:35-0:38"",""cardStyle"":""photo"",""image_url"":""/uploads/img_1789536280555_m64lje.png"",""on_screen"":""You're in."",""on_screen_editor"":""torfeh"",""vo"":""You're in -- no charge today."",""vo_editor"":""torfeh"",""visual_desc"":""\""You're all set. Your purchase was successful.\"""",""visual_desc_editor"":""mohammad""},{""id"":""step_1789536327883"",""label"":"""",""time"":""0:38-0:45"",""cardStyle"":""photo"",""image_url"":""/uploads/img_1789536370152_j91w82.png"",""on_screen"":""Welcome to Premium"",""on_screen_editor"":""torfeh"",""vo"":""Welcome to EQUINET Premium. Everything's unlocked, and your 30 days start now."",""vo_editor"":""torfeh"",""visual_desc"":""\""Welcome to EQUINET Premium\"" confetti screen -> tap Continue"",""visual_desc_editor"":""mohammad""},{""id"":""step_1789536422157"",""label"":"""",""time"":""0:45-0:48"",""cardStyle"":""photo"",""image_url"":""/uploads/img_1789536473949_prb5ad.png"",""on_screen"":""Manage or cancel anytime -- right from this screen"",""on_screen_editor"":""torfeh"",""vo"":""And if you change your mind, 'Manage Subscription' button is right here on your plan page\n\n -- cancel in clicks, no calls, no hassle."",""vo_editor"":""torfeh"",""visual_desc"":""Dashboard now shows Premium plan + \""Manage subscription\"" button"",""visual_desc_editor"":""torfeh""},{""id"":""step_1789536564495"",""label"":"""",""time"":""End Card"",""cardStyle"":""photo"",""image_url"":""/uploads/img_1789536801782_zovgon.png"",""on_screen"":""Start your free month today.\n\nBY MUSTAD HOOFCARE\nThe business app\nbuilt for farriers\nUPGRADE TO PREMIUM TODAY"",""on_screen_editor"":""torfeh"",""vo"":""Try EQUINET Premium free for 30 days. Cancel anytime -- no risk and no busy work."",""vo_editor"":""torfeh"",""visual_desc"":"""",""visual_desc_editor"":""torfeh""}]",[]
63,New Ad Scenario,TOF,FALSE,TRUE,FALSE,FALSE,FALSE,FALSE,Done,,ruslan,1790234570725,To Do,"[{""id"":""h"",""label"":""HOOK"",""time"":""0:00–0:03"",""cardStyle"":""photo"",""image_url"":""/uploads/img_1789629036098_09d84s.png"",""on_screen"":""EQUINET 2.0\nCOMING SOON  \nFOR HORSE OWNERS & FARRIERS."",""on_screen_editor"":""faezeh"",""vo"":""Farriers. Horse owners. EQUINET 2.0. Coming soon."",""vo_editor"":""ruslan"",""visual_desc"":""The\n  EQUINET app icon on a phone screen animates and morphs into a bold 2.0 mark.\n  Quick cut: a farrier's hand and a horse owner's hand, each holding a phone\n  near the same horse, both glance down at their screens at the same moment."",""visual_desc_editor"":""faezeh""},{""id"":""p"",""label"":""PROBLEM"",""time"":""0:03–0:07"",""cardStyle"":""photo"",""image_url"":""/uploads/img_1789629066821_3ug0ps.png"",""on_screen"":""We rebuilt EQUINET around what matters most: the horse."",""on_screen_editor"":""ruslan"",""vo"":""We rebuilt EQUINET around what matters most: the horse."",""vo_editor"":""ruslan"",""visual_desc"":""Quick\n  cuts: a stuffed paper folder falling open, a sticky note on a fridge, a\n  missed text notification."",""visual_desc_editor"":""ruslan""},{""id"":""cta"",""label"":""SOLUTION"",""time"":""0:08–0:13"",""cardStyle"":""brandcard"",""image_url"":""/uploads/img_1789629077892_kv5xgc.png"",""on_screen"":""Farriers log every visit. \nOne tap.\n Shared instantly. \nWith the whole care team."",""on_screen_editor"":""faezeh"",""vo"":""Farriers log every visit in one tap, shared instantly with the whole care team."",""vo_editor"":""faezeh"",""visual_desc"":""Owner's\n  hands open the EQUINET app. A clean list of entries appears on screen."",""visual_desc_editor"":""faezeh""},{""id"":""step_1789629097145"",""label"":""BENEFIT/OUTCOME"",""time"":""0:16–0:20"",""cardStyle"":""photo"",""image_url"":""/uploads/img_1789629108374_jrc1ww.png"",""on_screen"":""With EQUINET 2.0 : Everything, in one place. Accurate. \nComplete. \nAlways up to date."",""on_screen_editor"":""faezeh"",""vo"":""Everything about your horse is in one place, accurate, complete, and always up to date."",""vo_editor"":""faezeh"",""visual_desc"":""Hands\n  close the phone calmly, owner walks toward the barn, relaxed pace."",""visual_desc_editor"":""faezeh""},{""id"":""step_1789629114832"",""label"":""CTA"",""time"":""0:21–0:26"",""cardStyle"":""photo"",""image_url"":""/uploads/img_1789629123873_0xgfnm.png"",""on_screen"":""EQUINET 2.0\nEvery horse, every record, one app.\nComing in November 1st."",""on_screen_editor"":""faezeh"",""vo"":""EQUINET 2.0\nEvery horse, every record, one app.\nComing in November 1st."",""vo_editor"":""faezeh"",""visual_desc"":""EQUINET\n  2.0 thumbnail frame, logo, and app icon on screen."",""visual_desc_editor"":""faezeh""}]",[]
64,New Ad Scenario,TOF,FALSE,TRUE,FALSE,FALSE,FALSE,FALSE,Not Started,,ruslan,,To Do,"[{""id"":""h"",""label"":""HOOK"",""time"":""0:00–0:04"",""cardStyle"":""photo"",""image_url"":""/uploads/img_1789635466932_1q9c85.png"",""on_screen"":""Farriers. \nOwners. Vets. Trainers. \nNew EQUINET is coming."",""on_screen_editor"":""ruslan"",""vo"":""Farriers. \nOwners. Vets. Trainers. \nNew EQUINET  is coming."",""vo_editor"":""ruslan"",""visual_desc"":""Close-up\n  of a horse's eye. EQUINET 2.0 logo overlay with tagline 'Same mission. Bigger\n  possibilities.'"",""visual_desc_editor"":""mohammad""},{""id"":""step_1789630013577"",""label"":""Collaboration"",""time"":""0:9–0:15"",""cardStyle"":""photo"",""image_url"":""/uploads/img_1789635588950_3isrtv.png"",""on_screen"":""Automatic reminders. Your horse's history, secure. Your care team, always updated."",""on_screen_editor"":""faezeh"",""vo"":""Automatic reminders, your horse's history kept secure, and your whole care team always updated."",""vo_editor"":""ruslan"",""visual_desc"":""Group\n  of care professionals (farrier, vet, owner, dentist) around a horse, each\n  with a phone notification bubble showing their update (added a visit / added\n  notes / viewed update / added exam). Caption: 'Connected for better care.'"",""visual_desc_editor"":""mohammad""},{""id"":""step_1789630014776"",""label"":""Smarter Tools"",""time"":""0:15–0:20"",""cardStyle"":""photo"",""image_url"":""/uploads/img_1789635567412_th61eh.png"",""on_screen"":""Your vet's records. Your trainer's notes. Your invoices. All in EQUINET."",""on_screen_editor"":""faezeh"",""vo"":""Your vet's records, your trainer's notes, your invoices, all in nEQUINET."",""vo_editor"":""ruslan"",""visual_desc"":""Farrier\n  speaking into phone with voice waveform ('Just talk. Equinet fills the\n  record.'); split screen shows a New Visit form auto-filling (horse, hoof,\n  work performed, notes) with checkmarks."",""visual_desc_editor"":""mohammad""},{""id"":""step_1789630015641"",""label"":""The Reveal"",""time"":""0:20–0:23"",""cardStyle"":""photo"",""image_url"":""/uploads/img_1789635550201_19ux00.png"",""on_screen"":""No more chasing updates. Everyone stays connected."",""on_screen_editor"":""faezeh"",""vo"":""No more chasing updates. Everyone stays connected."",""vo_editor"":""ruslan"",""visual_desc"":""Sequence\n  of phone screens: Horse Profile, AI Tools, Sharing, Marketplace (Coming\n  soon), converging into a central EQUINET 2.0 phone screen with App Store /\n  Google Play badges. Caption: 'Simpler. Smarter. Built for what's next.'"",""visual_desc_editor"":""mohammad""},{""id"":""step_1789630016321"",""label"":""NEW STEP"",""time"":""0:23-0:28"",""cardStyle"":""photo"",""image_url"":""/uploads/img_1789635540848_6hh8up.png"",""on_screen"":""EQUINET 2.0. \nEvery horse, every record, one app.\nComing November 1st."",""on_screen_editor"":""faezeh"",""vo"":""New Equinet.. \nEvery horse, every record, one app.\nComing November 1st."",""vo_editor"":""ruslan"",""visual_desc"":""Sunset\n  shot of person with horse. EQUINET 2.0 logo, 'Coming October 17' banner, App\n  Store / Google Play badges. Caption: 'Better care tomorrow. Every horse.\n  Every record. One app.'"",""visual_desc_editor"":""mohammad""}]",[]
66,Social Media Post,TOF,FALSE,FALSE,FALSE,FALSE,FALSE,FALSE,Not Started,,,,To Do,"[{""id"":""h"",""label"":""HOOK"",""time"":""0:00–0:03"",""cardStyle"":""photo"",""image_url"":""/uploads/img_1790056801961_9b9k0r.png"",""on_screen"":""Does your horse look OK today?"",""on_screen_editor"":""mohammad"",""vo"":""Your horse can't tell you when something feels different."",""vo_editor"":""mohammad"",""visual_desc"":""Close-up\n  of horse looking at owner. Owner approaches and gently touches horse's face."",""visual_desc_editor"":""mohammad""},{""id"":""p"",""label"":""Behavior"",""time"":""0:03–0:07"",""cardStyle"":""photo"",""image_url"":""/uploads/img_1790056811055_6vrp8t.png"",""on_screen"":""1. Behavior"",""on_screen_editor"":""mohammad"",""vo"":""First, notice their behavior. Are they acting like themselves?"",""vo_editor"":""mohammad"",""visual_desc"":""Horse\n  walking toward owner / interacting normally. Show attentive ears and positive\n  behavior."",""visual_desc_editor"":""mohammad""},{""id"":""cta"",""label"":""Eyes & Nose"",""time"":""0:07–0:11"",""cardStyle"":""brandcard"",""image_url"":""/uploads/img_1790056820312_2m8taq.png"",""on_screen"":""2. Eyes & nose"",""on_screen_editor"":""mohammad"",""vo"":""Check for unusual discharge, swelling or irritation."",""vo_editor"":""mohammad"",""visual_desc"":""Close-up\n  of horse's eye, then nostrils. Owner gently checks face."",""visual_desc_editor"":""mohammad""},{""id"":""step_1790056699256"",""label"":""Eating & Drinking"",""time"":""0:11–0:15"",""cardStyle"":""photo"",""image_url"":""/uploads/img_1790056827819_x6b6zm.png"",""on_screen"":""3. Food & water"",""on_screen_editor"":""mohammad"",""vo"":""Make sure they're eating and drinking normally."",""vo_editor"":""mohammad"",""visual_desc"":""Horse\n  eating hay, then drinking clean water."",""visual_desc_editor"":""mohammad""},{""id"":""step_1790056727635"",""label"":""Legs & Movement"",""time"":""0:15–0:19"",""cardStyle"":""photo"",""image_url"":""/uploads/img_1790056835846_20e4kj.png"",""on_screen"":""4. Legs & movement"",""on_screen_editor"":""mohammad"",""vo"":""Check the legs and watch for swelling, heat or unusual movement."",""vo_editor"":""mohammad"",""visual_desc"":""Owner\n  runs hand gently down horse's leg. Cut to horse walking naturally."",""visual_desc_editor"":""mohammad""},{""id"":""step_1790056735095"",""label"":""Hooves"",""time"":""0:19–0:23"",""cardStyle"":""photo"",""image_url"":""/uploads/img_1790056844607_ga670g.png"",""on_screen"":""5. Hooves"",""on_screen_editor"":""mohammad"",""vo"":""And don't forget the hooves. Check them every day."",""vo_editor"":""mohammad"",""visual_desc"":""Owner\n  safely lifts hoof and cleans it with hoof pick. Close-up of healthy hoof."",""visual_desc_editor"":""mohammad""},{""id"":""step_1790056753661"",""label"":""Equinet Moment"",""time"":""0:23–0:27"",""cardStyle"":""photo"",""image_url"":""/uploads/img_1790056852840_j3xm5n.png"",""on_screen"":""Notice something different? Record it."",""on_screen_editor"":""mohammad"",""vo"":""Small changes matter. Keep track of them."",""vo_editor"":""mohammad"",""visual_desc"":""Owner\n  takes out phone. Equinet horse profile with today's check being saved."",""visual_desc_editor"":""mohammad""},{""id"":""step_1790056769815"",""label"":""End Frame"",""time"":""0:27–0:30"",""cardStyle"":""photo"",""image_url"":""/uploads/img_1790056861407_0jix1z.png"",""on_screen"":""EVERY HORSE. EVERY RECORD. ONE APP. \nSTART FREE TODAY."",""on_screen_editor"":""faezeh"",""vo"":""Equinet. Your horse's care history, all in one place."",""vo_editor"":""mohammad"",""visual_desc"":""Horse\n  and owner together at sunset with Equinet logo and CTA."",""visual_desc_editor"":""mohammad""}]",[]
67,New Ad Scenario,TOF,FALSE,FALSE,FALSE,FALSE,FALSE,FALSE,Not Started,,,,To Do,"[{""id"":""h"",""label"":""HOOK"",""time"":""0:00–0:03"",""cardStyle"":""photo"",""image_url"":""/uploads/img_1790231189813_bv3t4g.png"",""on_screen"":""Every horse is different.\nBe prepared."",""on_screen_editor"":""mohammad"",""vo"":""A few quick checks before you start help keep you, the horse and everyone around you safe."",""vo_editor"":""mohammad"",""visual_desc"":""Farrier calmly approaches the horse, showing a respectful and professional attitude."",""visual_desc_editor"":""mohammad""},{""id"":""p"",""label"":""APP SCREEN"",""time"":""0:03–0:06"",""cardStyle"":""photo"",""image_url"":""/uploads/img_1790231200167_ce45em.png"",""on_screen"":""1. Check the history"",""on_screen_editor"":""mohammad"",""vo"":""Start by checking the horse's history in Equinet — previous farrier notes, medical information and any special instructions from the owner."",""vo_editor"":""mohammad"",""visual_desc"":""Close-up of Equinet horse profile on phone. (Charlie - Thoroughbred, 8 years. Shows: Medical history, Previous farrier notes, Shoeing history, Behavior notes, Owner contact.)"",""visual_desc_editor"":""mohammad""},{""id"":""cta"",""label"":""BEHAVIOUR"",""time"":""0:06–0:10"",""cardStyle"":""brandcard"",""image_url"":""/uploads/img_1790231210694_ab2fi3.png"",""on_screen"":""2. Observe behaviour"",""on_screen_editor"":""mohammad"",""vo"":""Look at the horse's behaviour. Are they calm and relaxed? Notice their ears, eyes and overall demeanour."",""vo_editor"":""mohammad"",""visual_desc"":""Close-up of horse's eye, ears and general attitude."",""visual_desc_editor"":""mohammad""},{""id"":""step_1790231220765"",""label"":""LEGS"",""time"":""0:10–0:14"",""cardStyle"":""photo"",""image_url"":""/uploads/img_1790231228618_po8i27.png"",""on_screen"":""3. Check the legs"",""on_screen_editor"":""mohammad"",""vo"":""Check the legs for heat, swelling, cuts or any signs of lameness."",""vo_editor"":""mohammad"",""visual_desc"":""Front and side view of the horse's legs."",""visual_desc_editor"":""mohammad""},{""id"":""step_1790231237939"",""label"":""HOOVES"",""time"":""0:14–0:17"",""cardStyle"":""photo"",""image_url"":""/uploads/img_1790231248810_qiy1cn.png"",""on_screen"":""4. Inspect the hooves"",""on_screen_editor"":""mohammad"",""vo"":""Look for cracks, thrush, loose wall or anything unusual. Clean the hoof and assess its overall condition."",""vo_editor"":""mohammad"",""visual_desc"":""Farrier lifts the hoof and checks the sole, frog and wall."",""visual_desc_editor"":""mohammad""},{""id"":""step_1790231239227"",""label"":""OWNER"",""time"":""0:17–0:21"",""cardStyle"":""photo"",""image_url"":""/uploads/img_1790231256998_0yjx7b.png"",""on_screen"":""5. Confirm with the owner"",""on_screen_editor"":""mohammad"",""vo"":""Take a moment to confirm with the owner if there's anything specific you should know — recent changes, concerns or goals for today's visit."",""vo_editor"":""mohammad"",""visual_desc"":""Farrier speaking with the owner."",""visual_desc_editor"":""mohammad""},{""id"":""step_1790231260152"",""label"":""CHECKLIST"",""time"":""0:21–0:26"",""cardStyle"":""photo"",""image_url"":""/uploads/img_1790231273567_2hcs8x.png"",""on_screen"":""Ready to start."",""on_screen_editor"":""mohammad"",""vo"":""Once you've completed your checks, mark them in Equinet and you're ready to start the work."",""vo_editor"":""mohammad"",""visual_desc"":""Farrier marks the pre-visit checklist in Equinet. (Screen shows: History checked, Behaviour ok, Legs checked, Hooves checked, Owner confirmed — all ticked. Green 'Start visit' button.)"",""visual_desc_editor"":""mohammad""},{""id"":""step_1790231280740"",""label"":""OUTRO"",""time"":""0:26–0:30"",""cardStyle"":""photo"",""image_url"":""/uploads/img_1790231291211_mpxc3h.png"",""on_screen"":""Click to edit"",""on_screen_editor"":"""",""vo"":""Click to edit"",""vo_editor"":"""",""visual_desc"":"""",""visual_desc_editor"":""""}]",[]
68,Social media - What Does a Healthy Hoof Look Like?,TOF,FALSE,FALSE,FALSE,FALSE,FALSE,FALSE,Not Started,,,,To Do,"[{""id"":""h"",""label"":""HOOK"",""time"":""0:00–0:03"",""cardStyle"":""photo"",""image_url"":""/uploads/img_1790233413937_tsgi3y.png"",""on_screen"":""A healthy hoof is the foundation for a healthy horse."",""on_screen_editor"":""mohammad"",""vo"":""A healthy hoof supports a stronger, happier horse."",""vo_editor"":""mohammad"",""visual_desc"":""Close-up of a horse standing, front hooves."",""visual_desc_editor"":""mohammad""},{""id"":""p"",""label"":""SHAPE"",""time"":""0:03–0:06"",""cardStyle"":""photo"",""image_url"":""/uploads/img_1790233426134_ii7w7a.png"",""on_screen"":""1. Correct shape"",""on_screen_editor"":""mohammad"",""vo"":""A healthy hoof has a balanced shape, with a well-defined frog, sole and heel."",""vo_editor"":""mohammad"",""visual_desc"":""Close-up of a well-shaped hoof, sole view."",""visual_desc_editor"":""mohammad""},{""id"":""cta"",""label"":""HOOF WALL"",""time"":""0:06–0:10"",""cardStyle"":""brandcard"",""image_url"":""/uploads/img_1790233437111_u81fk1.png"",""on_screen"":""2. Strong hoof wall"",""on_screen_editor"":""mohammad"",""vo"":""The hoof wall should be strong, smooth and free from cracks or damage."",""vo_editor"":""mohammad"",""visual_desc"":""Close-up of the hoof wall (side view)."",""visual_desc_editor"":""mohammad""},{""id"":""step_1790233445838"",""label"":""FROG"",""time"":""0:10–0:14"",""cardStyle"":""photo"",""image_url"":""/uploads/img_1790233455373_modwh5.png"",""on_screen"":""3. Healthy frog"",""on_screen_editor"":""mohammad"",""vo"":""The frog should be firm, resilient and free from signs of infection or thrush."",""vo_editor"":""mohammad"",""visual_desc"":""Close-up of the frog."",""visual_desc_editor"":""mohammad""},{""id"":""step_1790233446950"",""label"":""HEELS"",""time"":""0:14–0:17"",""cardStyle"":""photo"",""image_url"":""/uploads/img_1790233463442_707n5x.png"",""on_screen"":""4. Good heel support"",""on_screen_editor"":""mohammad"",""vo"":""The heels should be even and provide good support, helping with balance and shock absorption."",""vo_editor"":""mohammad"",""visual_desc"":""Close-up of the heels (rear view)."",""visual_desc_editor"":""mohammad""},{""id"":""step_1790233447897"",""label"":""DISEASE"",""time"":""0:17–0:21"",""cardStyle"":""photo"",""image_url"":""/uploads/img_1790233474471_tjjush.png"",""on_screen"":""5. No signs of disease"",""on_screen_editor"":""mohammad"",""vo"":""A healthy hoof is free from signs of thrush, white line disease, abscesses or abnormal growth."",""vo_editor"":""mohammad"",""visual_desc"":""Clean, healthy hoof sole."",""visual_desc_editor"":""mohammad""},{""id"":""step_1790233479784"",""label"":""APP SCREEN"",""time"":""0:21–0:26"",""cardStyle"":""photo"",""image_url"":""/uploads/img_1790233491194_h3s1l0.png"",""on_screen"":""Track hoof health over time."",""on_screen_editor"":""mohammad"",""vo"":""Take photos at every visit and track changes over time in Equinet."",""vo_editor"":""mohammad"",""visual_desc"":""Equinet app with hoof photos and timeline. (Bella's profile showing Photos, History, Notes tabs — dated photos: Aug 12, Sep 16, Oct 20, 2024.)"",""visual_desc_editor"":""mohammad""},{""id"":""step_1790233480508"",""label"":""OUTRO"",""time"":""0:26–0:30"",""cardStyle"":""photo"",""image_url"":""/uploads/img_1790233499824_6fco0h.png"",""on_screen"":""Better information.\nBetter care.\nA healthier future."",""on_screen_editor"":""mohammad"",""vo"":""Equinet. Helping farriers keep better records for better care."",""vo_editor"":""mohammad"",""visual_desc"":""Farrier working, with Equinet logo and CTA."",""visual_desc_editor"":""mohammad""}]",[]
69,Social media - 5 Hoof Problems You Should Never Ignore,TOF,FALSE,FALSE,FALSE,FALSE,FALSE,FALSE,Not Started,,,,To Do,"[{""id"":""h"",""label"":""HOOK"",""time"":""0:00–0:03"",""cardStyle"":""photo"",""image_url"":""/uploads/img_1790234240515_62xutk.png"",""on_screen"":""Small problems can become big ones."",""on_screen_editor"":""mohammad"",""vo"":""Detecting hoof issues early can prevent serious problems and keep your horse sound."",""vo_editor"":""mohammad"",""visual_desc"":""Close-up of a horse hoof."",""visual_desc_editor"":""mohammad""},{""id"":""p"",""label"":""CRACKS"",""time"":""0:03–0:06"",""cardStyle"":""photo"",""image_url"":""/uploads/img_1790234248328_fqgonb.png"",""on_screen"":""1. Cracks and chips"",""on_screen_editor"":""mohammad"",""vo"":""Cracks and chips can weaken the hoof and lead to bigger issues if not addressed early."",""vo_editor"":""mohammad"",""visual_desc"":""Close-up of a hoof with visible cracks."",""visual_desc_editor"":""mohammad""},{""id"":""cta"",""label"":""THRUSH"",""time"":""0:06–0:10"",""cardStyle"":""brandcard"",""image_url"":""/uploads/img_1790234258652_gohpo4.png"",""on_screen"":""2. Thrush"",""on_screen_editor"":""mohammad"",""vo"":""Thrush is a common bacterial infection. Look for a foul smell, dark discharge and damaged frog tissue."",""vo_editor"":""mohammad"",""visual_desc"":""Close-up of frog with signs of thrush (dark, crumbly)."",""visual_desc_editor"":""mohammad""},{""id"":""step_1790234262796"",""label"":""WHITE LINE"",""time"":""0:10–0:14"",""cardStyle"":""photo"",""image_url"":""/uploads/img_1790234275138_bs8trm.png"",""on_screen"":""3. White line disease"",""on_screen_editor"":""mohammad"",""vo"":""White line disease can cause separation between the hoof wall and sole. It needs attention to prevent further damage."",""vo_editor"":""mohammad"",""visual_desc"":""Close-up of white line separation."",""visual_desc_editor"":""mohammad""},{""id"":""step_1790234263725"",""label"":""IMBALANCE"",""time"":""0:14–0:17"",""cardStyle"":""photo"",""image_url"":""/uploads/img_1790234283754_eol2ym.png"",""on_screen"":""4. Imbalance"",""on_screen_editor"":""mohammad"",""vo"":""Hoof imbalance can affect movement, increase strain and lead to lameness over time."",""vo_editor"":""mohammad"",""visual_desc"":""Side view of imbalanced hoof with incorrect angles."",""visual_desc_editor"":""mohammad""},{""id"":""step_1790234265041"",""label"":""BRUISING"",""time"":""0:17–0:21"",""cardStyle"":""photo"",""image_url"":""/uploads/img_1790234289815_rg7uhn.png"",""on_screen"":""5. Bruising or sole injuries"",""on_screen_editor"":""mohammad"",""vo"":""Bruises, abscesses and sole injuries can be painful and may affect your horse's performance."",""vo_editor"":""mohammad"",""visual_desc"":""Close-up of a bruised sole."",""visual_desc_editor"":""mohammad""},{""id"":""step_1790234265844"",""label"":""APP SCREEN"",""time"":""0:21–0:26"",""cardStyle"":""photo"",""image_url"":""/uploads/img_1790234295816_dzpsnv.png"",""on_screen"":""Document.\nTrack.\nFollow up."",""on_screen_editor"":""mohammad"",""vo"":""Take photos, add notes and track hoof conditions in Equinet. Keep a complete history for better care."",""vo_editor"":""mohammad"",""visual_desc"":""Farrier taking a photo and adding a note in Equinet. (Charlie's profile showing Hoof Health, Condition: White line disease, Photos, Notes: Monitor and recheck in 4 weeks. Green Save button.)"",""visual_desc_editor"":""mohammad""},{""id"":""step_1790234266609"",""label"":""OUTRO"",""time"":""0:26–0:30"",""cardStyle"":""photo"",""image_url"":""/uploads/img_1790234305364_2cgltr.png"",""on_screen"":""Better information.\nHealthier horses."",""on_screen_editor"":""mohammad"",""vo"":""Equinet. Helping farriers make better decisions for healthier, happier horses."",""vo_editor"":""mohammad"",""visual_desc"":""Farrier working, with Equinet logo and CTA."",""visual_desc_editor"":""mohammad""}]",[]